file_id,condition,replay_buffer_valid,empty_cavity_mean,dt_ns
2025-04-13_0308_Feedback_Run_NN_00.h5,with_feedback,0,32.21666717529297,27360.0
2025-04-13_0308_Feedback_Run_NN_00_rep00001.h5,with_feedback,0,29.976667404174805,27360.0
2025-04-13_0308_Feedback_Run_NN_00_rep00002.h5,with_feedback,1,34.50666809082031,27360.0
2025-04-13_0308_Feedback_Run_NN_00_rep00003.h5,with_feedback,0,33.276668548583984,27360.0
2025-04-13_0308_Feedback_Run_NN_00_rep00004.h5,with_feedback,0,33.78333282470703,27360.0
2025-04-13_0308_Feedback_Run_NN_00_rep00005.h5,with_feedback,0,28.913333892822266,27360.0
2025-04-13_0308_Feedback_Run_NN_00_rep00006.h5,with_feedback,0,30.360000610351562,27360.0
2025-04-13_0308_Feedback_Run_NN_00_rep00007.h5,with_feedback,0,33.9033317565918,27360.0
2025-04-13_0308_Feedback_Run_NN_00_rep00008.h5,with_feedback,0,33.71333312988281,27340.0
2025-04-13_0308_Feedback_Run_NN_00_rep00009.h5,with_feedback,0,32.996665954589844,27360.0
2025-04-13_0308_Feedback_Run_NN_00_rep00010.h5,with_feedback,0,35.53666687011719,27360.0
2025-04-13_0308_Feedback_Run_NN_00_rep00011.h5,with_feedback,0,30.513334274291992,27360.0
2025-04-13_0308_Feedback_Run_NN_00_rep00012.h5,with_feedback,0,31.85333251953125,27360.0
2025-04-13_0308_Feedback_Run_NN_00_rep00013.h5,with_feedback,1,30.003334045410156,27360.0
2025-04-13_0308_Feedback_Run_NN_00_rep00014.h5,with_feedback,0,34.33333206176758,27360.0
2025-04-13_0308_Feedback_Run_NN_00_rep00015.h5,with_feedback,0,33.53333282470703,27340.0
2025-04-13_0308_Feedback_Run_NN_00_rep00016.h5,with_feedback,1,33.8033332824707,27360.0
2025-04-13_0308_Feedback_Run_NN_00_rep00017.h5,with_feedback,0,34.43333435058594,27360.0
2025-04-13_0308_Feedback_Run_NN_00_rep00018.h5,with_feedback,1,31.106666564941406,27360.0
2025-04-13_0308_Feedback_Run_NN_00_rep00019.h5,with_feedback,1,31.09000015258789,27360.0
2025-04-13_0308_Feedback_Run_NN_00_rep00020.h5,with_feedback,1,29.75666618347168,27360.0
2025-04-13_0308_Feedback_Run_NN_00_rep00021.h5,with_feedback,0,33.393333435058594,27360.0
2025-04-13_0308_Feedback_Run_NN_00_rep00022.h5,with_feedback,0,33.810001373291016,27360.0
2025-04-13_0308_Feedback_Run_NN_00_rep00023.h5,with_feedback,0,33.22999954223633,27360.0
2025-04-13_0308_Feedback_Run_NN_00_rep00024.h5,with_feedback,0,34.09333419799805,27360.0
2025-04-13_0308_Feedback_Run_NN_00_rep00025.h5,with_feedback,0,32.15666580200195,27360.0
2025-04-13_0308_Feedback_Run_NN_00_rep00026.h5,with_feedback,1,30.489999771118164,27360.0
2025-04-13_0308_Feedback_Run_NN_00_rep00027.h5,with_feedback,0,30.280000686645508,27360.0
2025-04-13_0308_Feedback_Run_NN_00_rep00028.h5,with_feedback,0,35.016666412353516,27360.0
2025-04-13_0308_Feedback_Run_NN_00_rep00029.h5,with_feedback,0,33.650001525878906,27360.0
2025-04-13_0308_Feedback_Run_NN_00_rep00030.h5,with_feedback,0,33.573333740234375,27360.0
2025-04-13_0308_Feedback_Run_NN_00_rep00031.h5,with_feedback,1,34.00666809082031,27360.0
2025-04-13_0308_Feedback_Run_NN_00_rep00032.h5,with_feedback,1,31.809999465942383,27360.0
2025-04-13_0308_Feedback_Run_NN_00_rep00033.h5,with_feedback,1,29.020000457763672,27360.0
2025-04-13_0308_Feedback_Run_NN_00_rep00034.h5,with_feedback,0,32.22666549682617,27360.0
2025-04-13_0308_Feedback_Run_NN_01.h5,with_feedback,0,30.683332443237305,27360.0
2025-04-13_0308_Feedback_Run_NN_01_rep00001.h5,with_feedback,0,31.876667022705078,27360.0
2025-04-13_0308_Feedback_Run_NN_01_rep00002.h5,with_feedback,1,32.220001220703125,27360.0
2025-04-13_0308_Feedback_Run_NN_01_rep00003.h5,with_feedback,0,34.220001220703125,27360.0
2025-04-13_0308_Feedback_Run_NN_01_rep00004.h5,with_feedback,1,31.0,27360.0
2025-04-13_0308_Feedback_Run_NN_01_rep00005.h5,with_feedback,1,32.063331604003906,27360.0
2025-04-13_0308_Feedback_Run_NN_01_rep00006.h5,with_feedback,1,33.073333740234375,27360.0
2025-04-13_0308_Feedback_Run_NN_01_rep00007.h5,with_feedback,1,32.84333419799805,27360.0
2025-04-13_0308_Feedback_Run_NN_01_rep00008.h5,with_feedback,0,33.5966682434082,27360.0
2025-04-13_0308_Feedback_Run_NN_01_rep00009.h5,with_feedback,1,34.810001373291016,27360.0
2025-04-13_0308_Feedback_Run_NN_01_rep00010.h5,with_feedback,1,30.406665802001953,27360.0
2025-04-13_0308_Feedback_Run_NN_01_rep00011.h5,with_feedback,1,32.0533332824707,27360.0
2025-04-13_0308_Feedback_Run_NN_01_rep00012.h5,with_feedback,0,30.52666664123535,27360.0
2025-04-13_0308_Feedback_Run_NN_01_rep00013.h5,with_feedback,1,29.113332748413086,27360.0
2025-04-13_0308_Feedback_Run_NN_01_rep00014.h5,with_feedback,0,32.26333236694336,27360.0
2025-04-13_0308_Feedback_Run_NN_01_rep00015.h5,with_feedback,1,34.436668395996094,27360.0
2025-04-13_0308_Feedback_Run_NN_01_rep00016.h5,with_feedback,0,32.709999084472656,27360.0
2025-04-13_0308_Feedback_Run_NN_01_rep00017.h5,with_feedback,1,32.75,27360.0
2025-04-13_0308_Feedback_Run_NN_01_rep00018.h5,with_feedback,1,29.950000762939453,27360.0
2025-04-13_0308_Feedback_Run_NN_01_rep00019.h5,with_feedback,1,30.149999618530273,27360.0
2025-04-13_0308_Feedback_Run_NN_01_rep00020.h5,with_feedback,0,34.02000045776367,27360.0
2025-04-13_0308_Feedback_Run_NN_01_rep00021.h5,with_feedback,1,33.003334045410156,27360.0
2025-04-13_0308_Feedback_Run_NN_01_rep00022.h5,with_feedback,0,33.790000915527344,27360.0
2025-04-13_0308_Feedback_Run_NN_01_rep00023.h5,with_feedback,1,33.040000915527344,27360.0
2025-04-13_0308_Feedback_Run_NN_01_rep00024.h5,with_feedback,1,34.003334045410156,27360.0
2025-04-13_0308_Feedback_Run_NN_01_rep00025.h5,with_feedback,0,30.34000015258789,27360.0
2025-04-13_0308_Feedback_Run_NN_01_rep00026.h5,with_feedback,0,30.969999313354492,27360.0
2025-04-13_0308_Feedback_Run_NN_01_rep00027.h5,with_feedback,1,33.119998931884766,27360.0
2025-04-13_0308_Feedback_Run_NN_01_rep00028.h5,with_feedback,0,33.13666534423828,27360.0
2025-04-13_0308_Feedback_Run_NN_01_rep00029.h5,with_feedback,0,34.266666412353516,27360.0
2025-04-13_0308_Feedback_Run_NN_01_rep00030.h5,with_feedback,0,33.099998474121094,27360.0
2025-04-13_0308_Feedback_Run_NN_01_rep00031.h5,with_feedback,1,32.400001525878906,27360.0
2025-04-13_0308_Feedback_Run_NN_01_rep00032.h5,with_feedback,1,28.549999237060547,27360.0
2025-04-13_0308_Feedback_Run_NN_01_rep00033.h5,with_feedback,0,29.953332901000977,27360.0
2025-04-13_0308_Feedback_Run_NN_02.h5,with_feedback,0,30.176666259765625,27360.0
2025-04-13_0308_Feedback_Run_NN_02_rep00001.h5,with_feedback,0,33.02000045776367,27360.0
2025-04-13_0308_Feedback_Run_NN_02_rep00002.h5,with_feedback,0,32.98666763305664,27360.0
2025-04-13_0308_Feedback_Run_NN_02_rep00003.h5,with_feedback,0,34.57666778564453,27360.0
2025-04-13_0308_Feedback_Run_NN_02_rep00004.h5,with_feedback,0,30.3700008392334,27360.0
2025-04-13_0308_Feedback_Run_NN_02_rep00005.h5,with_feedback,1,31.799999237060547,27360.0
2025-04-13_0308_Feedback_Run_NN_02_rep00006.h5,with_feedback,1,33.04999923706055,27360.0
2025-04-13_0308_Feedback_Run_NN_02_rep00007.h5,with_feedback,0,33.336666107177734,27360.0
2025-04-13_0308_Feedback_Run_NN_02_rep00008.h5,with_feedback,1,32.9033317565918,27360.0
2025-04-13_0308_Feedback_Run_NN_02_rep00009.h5,with_feedback,0,35.026668548583984,27360.0
2025-04-13_0308_Feedback_Run_NN_02_rep00010.h5,with_feedback,1,31.149999618530273,27360.0
2025-04-13_0308_Feedback_Run_NN_02_rep00011.h5,with_feedback,1,31.69333267211914,27360.0
2025-04-13_0308_Feedback_Run_NN_02_rep00012.h5,with_feedback,0,30.453332901000977,27360.0
2025-04-13_0308_Feedback_Run_NN_02_rep00013.h5,with_feedback,1,35.223331451416016,27360.0
2025-04-13_0308_Feedback_Run_NN_02_rep00014.h5,with_feedback,0,32.88999938964844,27340.0
2025-04-13_0308_Feedback_Run_NN_02_rep00015.h5,with_feedback,0,34.1533317565918,27360.0
2025-04-13_0308_Feedback_Run_NN_02_rep00016.h5,with_feedback,1,33.22666549682617,27360.0
2025-04-13_0308_Feedback_Run_NN_02_rep00017.h5,with_feedback,0,33.029998779296875,27360.0
2025-04-13_0308_Feedback_Run_NN_02_rep00018.h5,with_feedback,0,30.19333267211914,27360.0
2025-04-13_0308_Feedback_Run_NN_02_rep00019.h5,with_feedback,0,30.093334197998047,27360.0
2025-04-13_0308_Feedback_Run_NN_02_rep00020.h5,with_feedback,1,34.5433349609375,27360.0
2025-04-13_0308_Feedback_Run_NN_02_rep00021.h5,with_feedback,0,33.150001525878906,27360.0
2025-04-13_0308_Feedback_Run_NN_02_rep00022.h5,with_feedback,0,34.62666702270508,27360.0
2025-04-13_0308_Feedback_Run_NN_02_rep00023.h5,with_feedback,1,33.38999938964844,27360.0
2025-04-13_0308_Feedback_Run_NN_02_rep00024.h5,with_feedback,0,33.88666534423828,27360.0
2025-04-13_0308_Feedback_Run_NN_02_rep00025.h5,with_feedback,1,30.40999984741211,27360.0
2025-04-13_0308_Feedback_Run_NN_02_rep00026.h5,with_feedback,1,31.3266658782959,27360.0
2025-04-13_0308_Feedback_Run_NN_02_rep00027.h5,with_feedback,0,33.630001068115234,27360.0
2025-04-13_0308_Feedback_Run_NN_02_rep00028.h5,with_feedback,0,32.676666259765625,27360.0
2025-04-13_0308_Feedback_Run_NN_02_rep00029.h5,with_feedback,1,31.113332748413086,27360.0
2025-04-13_0308_Feedback_Run_NN_02_rep00030.h5,with_feedback,0,33.209999084472656,27360.0
2025-04-13_0308_Feedback_Run_NN_02_rep00031.h5,with_feedback,0,30.206666946411133,27360.0
2025-04-13_0308_Feedback_Run_NN_02_rep00032.h5,with_feedback,1,29.329999923706055,27360.0
2025-04-13_0308_Feedback_Run_NN_02_rep00033.h5,with_feedback,0,30.073333740234375,27360.0
2025-04-13_0308_Feedback_Run_NN_03.h5,with_feedback,0,30.24333381652832,27360.0
2025-04-13_0308_Feedback_Run_NN_03_rep00001.h5,with_feedback,1,33.84333419799805,27360.0
2025-04-13_0308_Feedback_Run_NN_03_rep00002.h5,with_feedback,0,32.13666534423828,27360.0
2025-04-13_0308_Feedback_Run_NN_03_rep00003.h5,with_feedback,1,35.19333267211914,27360.0
2025-04-13_0308_Feedback_Run_NN_03_rep00004.h5,with_feedback,0,30.503334045410156,27360.0
2025-04-13_0308_Feedback_Run_NN_03_rep00005.h5,with_feedback,0,29.889999389648438,27360.0
2025-04-13_0308_Feedback_Run_NN_03_rep00006.h5,with_feedback,0,33.90999984741211,27360.0
2025-04-13_0308_Feedback_Run_NN_03_rep00007.h5,with_feedback,0,32.973331451416016,27360.0
2025-04-13_0308_Feedback_Run_NN_03_rep00008.h5,with_feedback,0,32.39666748046875,27360.0
2025-04-13_0308_Feedback_Run_NN_03_rep00009.h5,with_feedback,1,34.59000015258789,27360.0
2025-04-13_0308_Feedback_Run_NN_03_rep00010.h5,with_feedback,0,30.3266658782959,27360.0
2025-04-13_0308_Feedback_Run_NN_03_rep00011.h5,with_feedback,1,31.873332977294922,27360.0
2025-04-13_0308_Feedback_Run_NN_03_rep00012.h5,with_feedback,1,29.81999969482422,27360.0
2025-04-13_0308_Feedback_Run_NN_03_rep00013.h5,with_feedback,1,34.70000076293945,27360.0
2025-04-13_0308_Feedback_Run_NN_03_rep00014.h5,with_feedback,1,32.663333892822266,27360.0
2025-04-13_0308_Feedback_Run_NN_03_rep00015.h5,with_feedback,1,34.119998931884766,27360.0
2025-04-13_0308_Feedback_Run_NN_03_rep00016.h5,with_feedback,0,33.35333251953125,27340.0
2025-04-13_0308_Feedback_Run_NN_03_rep00017.h5,with_feedback,0,33.04666519165039,27360.0
2025-04-13_0308_Feedback_Run_NN_03_rep00018.h5,with_feedback,0,30.25666618347168,27360.0
2025-04-13_0308_Feedback_Run_NN_03_rep00019.h5,with_feedback,1,29.389999389648438,27360.0
2025-04-13_0308_Feedback_Run_NN_03_rep00020.h5,with_feedback,0,33.53333282470703,27360.0
2025-04-13_0308_Feedback_Run_NN_03_rep00021.h5,with_feedback,1,32.75,27360.0
2025-04-13_0308_Feedback_Run_NN_03_rep00022.h5,with_feedback,1,34.39666748046875,27360.0
2025-04-13_0308_Feedback_Run_NN_03_rep00023.h5,with_feedback,1,32.22666549682617,27360.0
2025-04-13_0308_Feedback_Run_NN_03_rep00024.h5,with_feedback,0,34.676666259765625,27360.0
2025-04-13_0308_Feedback_Run_NN_03_rep00025.h5,with_feedback,1,30.309999465942383,27360.0
2025-04-13_0308_Feedback_Run_NN_03_rep00026.h5,with_feedback,0,31.02666664123535,27360.0
2025-04-13_0308_Feedback_Run_NN_03_rep00027.h5,with_feedback,0,34.65999984741211,27360.0
2025-04-13_0308_Feedback_Run_NN_03_rep00028.h5,with_feedback,1,32.2599983215332,27360.0
2025-04-13_0308_Feedback_Run_NN_03_rep00029.h5,with_feedback,0,33.71666717529297,27360.0
2025-04-13_0308_Feedback_Run_NN_03_rep00030.h5,with_feedback,0,34.186668395996094,27360.0
2025-04-13_0308_Feedback_Run_NN_03_rep00031.h5,with_feedback,1,32.11000061035156,27340.0
2025-04-13_0308_Feedback_Run_NN_03_rep00032.h5,with_feedback,1,30.343334197998047,27360.0
2025-04-13_0308_Feedback_Run_NN_03_rep00033.h5,with_feedback,0,30.35333251953125,27360.0
2025-04-13_0308_Feedback_Run_NN_04.h5,with_feedback,0,30.616666793823242,27360.0
2025-04-13_0308_Feedback_Run_NN_04_rep00001.h5,with_feedback,1,34.643333435058594,27360.0
2025-04-13_0308_Feedback_Run_NN_04_rep00002.h5,with_feedback,1,32.98666763305664,27340.0
2025-04-13_0308_Feedback_Run_NN_04_rep00003.h5,with_feedback,0,34.95000076293945,27360.0
2025-04-13_0308_Feedback_Run_NN_04_rep00004.h5,with_feedback,1,30.343334197998047,27360.0
2025-04-13_0308_Feedback_Run_NN_04_rep00005.h5,with_feedback,1,31.4233341217041,27360.0
2025-04-13_0308_Feedback_Run_NN_04_rep00006.h5,with_feedback,0,33.8033332824707,27360.0
2025-04-13_0308_Feedback_Run_NN_04_rep00007.h5,with_feedback,1,33.28666687011719,27360.0
2025-04-13_0308_Feedback_Run_NN_04_rep00008.h5,with_feedback,0,32.59333419799805,27360.0
2025-04-13_0308_Feedback_Run_NN_04_rep00009.h5,with_feedback,0,35.413333892822266,27360.0
2025-04-13_0308_Feedback_Run_NN_04_rep00010.h5,with_feedback,0,30.786666870117188,27360.0
2025-04-13_0308_Feedback_Run_NN_04_rep00011.h5,with_feedback,0,32.189998626708984,27360.0
2025-04-13_0308_Feedback_Run_NN_04_rep00012.h5,with_feedback,0,30.219999313354492,27360.0
2025-04-13_0308_Feedback_Run_NN_04_rep00013.h5,with_feedback,0,34.43333435058594,27360.0
2025-04-13_0308_Feedback_Run_NN_04_rep00014.h5,with_feedback,0,32.68333435058594,27360.0
2025-04-13_0308_Feedback_Run_NN_04_rep00015.h5,with_feedback,1,33.71333312988281,27360.0
2025-04-13_0308_Feedback_Run_NN_04_rep00016.h5,with_feedback,0,33.28333282470703,27360.0
2025-04-13_0308_Feedback_Run_NN_04_rep00017.h5,with_feedback,0,32.3033332824707,27360.0
2025-04-13_0308_Feedback_Run_NN_04_rep00018.h5,with_feedback,0,30.079999923706055,27360.0
2025-04-13_0308_Feedback_Run_NN_04_rep00019.h5,with_feedback,0,29.406665802001953,27360.0
2025-04-13_0308_Feedback_Run_NN_04_rep00020.h5,with_feedback,0,34.336666107177734,27360.0
2025-04-13_0308_Feedback_Run_NN_04_rep00021.h5,with_feedback,0,30.40999984741211,27360.0
2025-04-13_0308_Feedback_Run_NN_04_rep00022.h5,with_feedback,1,33.88333511352539,27360.0
2025-04-13_0308_Feedback_Run_NN_04_rep00023.h5,with_feedback,0,32.86333465576172,27360.0
2025-04-13_0308_Feedback_Run_NN_04_rep00024.h5,with_feedback,0,33.83333206176758,27360.0
2025-04-13_0308_Feedback_Run_NN_04_rep00025.h5,with_feedback,0,30.260000228881836,27360.0
2025-04-13_0308_Feedback_Run_NN_04_rep00026.h5,with_feedback,0,30.816667556762695,27360.0
2025-04-13_0308_Feedback_Run_NN_04_rep00027.h5,with_feedback,0,33.630001068115234,27360.0
2025-04-13_0308_Feedback_Run_NN_04_rep00028.h5,with_feedback,1,33.04666519165039,27360.0
2025-04-13_0308_Feedback_Run_NN_04_rep00029.h5,with_feedback,1,31.66666603088379,27360.0
2025-04-13_0308_Feedback_Run_NN_04_rep00030.h5,with_feedback,0,33.9900016784668,27360.0
2025-04-13_0308_Feedback_Run_NN_04_rep00031.h5,with_feedback,0,32.3466682434082,27360.0
2025-04-13_0308_Feedback_Run_NN_04_rep00032.h5,with_feedback,1,29.71666717529297,27360.0
2025-04-13_0308_Feedback_Run_NN_04_rep00033.h5,with_feedback,0,31.323333740234375,27360.0
2025-04-13_0308_Feedback_Run_NN_05.h5,with_feedback,1,30.126667022705078,27360.0
2025-04-13_0308_Feedback_Run_NN_05_rep00001.h5,with_feedback,0,34.66999816894531,27360.0
2025-04-13_0308_Feedback_Run_NN_05_rep00002.h5,with_feedback,0,32.723331451416016,27360.0
2025-04-13_0308_Feedback_Run_NN_05_rep00003.h5,with_feedback,1,34.540000915527344,27360.0
2025-04-13_0308_Feedback_Run_NN_05_rep00004.h5,with_feedback,0,26.75,27340.0
2025-04-13_0308_Feedback_Run_NN_05_rep00005.h5,with_feedback,1,30.729999542236328,27360.0
2025-04-13_0308_Feedback_Run_NN_05_rep00006.h5,with_feedback,0,33.87333297729492,27360.0
2025-04-13_0308_Feedback_Run_NN_05_rep00007.h5,with_feedback,1,33.25666809082031,27360.0
2025-04-13_0308_Feedback_Run_NN_05_rep00008.h5,with_feedback,0,33.130001068115234,27360.0
2025-04-13_0308_Feedback_Run_NN_05_rep00009.h5,with_feedback,0,35.776668548583984,27360.0
2025-04-13_0308_Feedback_Run_NN_05_rep00010.h5,with_feedback,0,30.356666564941406,27360.0
2025-04-13_0308_Feedback_Run_NN_05_rep00011.h5,with_feedback,0,30.41666603088379,27360.0
2025-04-13_0308_Feedback_Run_NN_05_rep00012.h5,with_feedback,1,29.573333740234375,27360.0
2025-04-13_0308_Feedback_Run_NN_05_rep00013.h5,with_feedback,1,34.04666519165039,27360.0
2025-04-13_0308_Feedback_Run_NN_05_rep00014.h5,with_feedback,0,33.276668548583984,27360.0
2025-04-13_0308_Feedback_Run_NN_05_rep00015.h5,with_feedback,1,33.900001525878906,27360.0
2025-04-13_0308_Feedback_Run_NN_05_rep00016.h5,with_feedback,1,33.313331604003906,27360.0
2025-04-13_0308_Feedback_Run_NN_05_rep00017.h5,with_feedback,1,32.46666717529297,27360.0
2025-04-13_0308_Feedback_Run_NN_05_rep00018.h5,with_feedback,0,30.69333267211914,27360.0
2025-04-13_0308_Feedback_Run_NN_05_rep00019.h5,with_feedback,1,29.60333251953125,27360.0
2025-04-13_0308_Feedback_Run_NN_05_rep00020.h5,with_feedback,1,33.86333465576172,27360.0
2025-04-13_0308_Feedback_Run_NN_05_rep00021.h5,with_feedback,0,33.560001373291016,27360.0
2025-04-13_0308_Feedback_Run_NN_05_rep00022.h5,with_feedback,1,34.18333435058594,27360.0
2025-04-13_0308_Feedback_Run_NN_05_rep00023.h5,with_feedback,1,33.46333312988281,27360.0
2025-04-13_0308_Feedback_Run_NN_05_rep00024.h5,with_feedback,1,33.28666687011719,27360.0
2025-04-13_0308_Feedback_Run_NN_05_rep00025.h5,with_feedback,1,30.073333740234375,27360.0
2025-04-13_0308_Feedback_Run_NN_05_rep00026.h5,with_feedback,0,30.976667404174805,27360.0
2025-04-13_0308_Feedback_Run_NN_05_rep00027.h5,with_feedback,0,34.69333267211914,27360.0
2025-04-13_0308_Feedback_Run_NN_05_rep00028.h5,with_feedback,1,31.376667022705078,27360.0
2025-04-13_0308_Feedback_Run_NN_05_rep00029.h5,with_feedback,0,34.436668395996094,27360.0
2025-04-13_0308_Feedback_Run_NN_05_rep00030.h5,with_feedback,0,33.69333267211914,27360.0
2025-04-13_0308_Feedback_Run_NN_05_rep00031.h5,with_feedback,1,32.310001373291016,27360.0
2025-04-13_0308_Feedback_Run_NN_05_rep00032.h5,with_feedback,1,29.163333892822266,27360.0
2025-04-13_0308_Feedback_Run_NN_05_rep00033.h5,with_feedback,0,31.55666732788086,27360.0
2025-04-13_0308_Feedback_Run_NN_06.h5,with_feedback,1,30.75666618347168,27360.0
2025-04-13_0308_Feedback_Run_NN_06_rep00001.h5,with_feedback,0,34.5966682434082,27360.0
2025-04-13_0308_Feedback_Run_NN_06_rep00002.h5,with_feedback,0,32.51333236694336,27360.0
2025-04-13_0308_Feedback_Run_NN_06_rep00003.h5,with_feedback,1,30.280000686645508,27360.0
2025-04-13_0308_Feedback_Run_NN_06_rep00004.h5,with_feedback,0,30.553333282470703,27360.0
2025-04-13_0308_Feedback_Run_NN_06_rep00005.h5,with_feedback,0,31.03333282470703,27360.0
2025-04-13_0308_Feedback_Run_NN_06_rep00006.h5,with_feedback,1,33.9900016784668,27360.0
2025-04-13_0308_Feedback_Run_NN_06_rep00007.h5,with_feedback,0,32.349998474121094,27360.0
2025-04-13_0308_Feedback_Run_NN_06_rep00008.h5,with_feedback,1,32.63999938964844,27360.0
2025-04-13_0308_Feedback_Run_NN_06_rep00009.h5,with_feedback,1,35.11333465576172,27340.0
2025-04-13_0308_Feedback_Run_NN_06_rep00010.h5,with_feedback,0,30.1733341217041,27360.0
2025-04-13_0308_Feedback_Run_NN_06_rep00011.h5,with_feedback,0,32.849998474121094,27360.0
2025-04-13_0308_Feedback_Run_NN_06_rep00012.h5,with_feedback,0,30.06999969482422,27360.0
2025-04-13_0308_Feedback_Run_NN_06_rep00013.h5,with_feedback,0,34.05666732788086,27340.0
2025-04-13_0308_Feedback_Run_NN_06_rep00014.h5,with_feedback,0,32.68000030517578,27360.0
2025-04-13_0308_Feedback_Run_NN_06_rep00015.h5,with_feedback,1,34.32666778564453,27360.0
2025-04-13_0308_Feedback_Run_NN_06_rep00016.h5,with_feedback,1,33.63333511352539,27360.0
2025-04-13_0308_Feedback_Run_NN_06_rep00017.h5,with_feedback,0,31.143333435058594,27360.0
2025-04-13_0308_Feedback_Run_NN_06_rep00018.h5,with_feedback,0,30.530000686645508,27360.0
2025-04-13_0308_Feedback_Run_NN_06_rep00019.h5,with_feedback,0,29.8799991607666,27360.0
2025-04-13_0308_Feedback_Run_NN_06_rep00020.h5,with_feedback,0,33.91999816894531,27360.0
2025-04-13_0308_Feedback_Run_NN_06_rep00021.h5,with_feedback,1,34.029998779296875,27360.0
2025-04-13_0308_Feedback_Run_NN_06_rep00022.h5,with_feedback,0,34.18333435058594,27360.0
2025-04-13_0308_Feedback_Run_NN_06_rep00023.h5,with_feedback,0,31.559999465942383,27360.0
2025-04-13_0308_Feedback_Run_NN_06_rep00024.h5,with_feedback,1,33.369998931884766,27360.0
2025-04-13_0308_Feedback_Run_NN_06_rep00025.h5,with_feedback,1,30.206666946411133,27360.0
2025-04-13_0308_Feedback_Run_NN_06_rep00026.h5,with_feedback,1,29.836666107177734,27360.0
2025-04-13_0308_Feedback_Run_NN_06_rep00027.h5,with_feedback,0,31.043333053588867,27360.0
2025-04-13_0308_Feedback_Run_NN_06_rep00028.h5,with_feedback,1,33.209999084472656,27360.0
2025-04-13_0308_Feedback_Run_NN_06_rep00029.h5,with_feedback,0,34.36333465576172,27360.0
2025-04-13_0308_Feedback_Run_NN_06_rep00030.h5,with_feedback,1,33.81666564941406,27360.0
2025-04-13_0308_Feedback_Run_NN_06_rep00031.h5,with_feedback,0,31.99333381652832,27360.0
2025-04-13_0308_Feedback_Run_NN_06_rep00032.h5,with_feedback,0,29.44333267211914,27360.0
2025-04-13_0308_Feedback_Run_NN_06_rep00033.h5,with_feedback,1,31.593334197998047,27360.0
2025-04-13_0308_Feedback_Run_NN_07.h5,with_feedback,0,30.14666748046875,27360.0
2025-04-13_0308_Feedback_Run_NN_07_rep00001.h5,with_feedback,0,32.2933349609375,27360.0
2025-04-13_0308_Feedback_Run_NN_07_rep00002.h5,with_feedback,0,32.0099983215332,27360.0
2025-04-13_0308_Feedback_Run_NN_07_rep00003.h5,with_feedback,0,35.0533332824707,27360.0
2025-04-13_0308_Feedback_Run_NN_07_rep00004.h5,with_feedback,1,30.0766658782959,27360.0
2025-04-13_0308_Feedback_Run_NN_07_rep00005.h5,with_feedback,0,30.463333129882812,27360.0
2025-04-13_0308_Feedback_Run_NN_07_rep00006.h5,with_feedback,1,34.086666107177734,27340.0
2025-04-13_0308_Feedback_Run_NN_07_rep00007.h5,with_feedback,1,32.689998626708984,27360.0
2025-04-13_0308_Feedback_Run_NN_07_rep00008.h5,with_feedback,0,32.35333251953125,27360.0
2025-04-13_0308_Feedback_Run_NN_07_rep00009.h5,with_feedback,0,35.59333419799805,27340.0
2025-04-13_0308_Feedback_Run_NN_07_rep00010.h5,with_feedback,1,30.656665802001953,27360.0
2025-04-13_0308_Feedback_Run_NN_07_rep00011.h5,with_feedback,0,31.773332595825195,27360.0
2025-04-13_0308_Feedback_Run_NN_07_rep00012.h5,with_feedback,0,30.4233341217041,27360.0
2025-04-13_0308_Feedback_Run_NN_07_rep00013.h5,with_feedback,0,34.483333587646484,27360.0
2025-04-13_0308_Feedback_Run_NN_07_rep00014.h5,with_feedback,0,33.16666793823242,27360.0
2025-04-13_0308_Feedback_Run_NN_07_rep00015.h5,with_feedback,1,34.53333282470703,27360.0
2025-04-13_0308_Feedback_Run_NN_07_rep00016.h5,with_feedback,0,33.686668395996094,27360.0
2025-04-13_0308_Feedback_Run_NN_07_rep00017.h5,with_feedback,1,32.606666564941406,27360.0
2025-04-13_0308_Feedback_Run_NN_07_rep00018.h5,with_feedback,0,30.5766658782959,27360.0
2025-04-13_0308_Feedback_Run_NN_07_rep00019.h5,with_feedback,0,30.899999618530273,27360.0
2025-04-13_0308_Feedback_Run_NN_07_rep00020.h5,with_feedback,0,34.21666717529297,27360.0
2025-04-13_0308_Feedback_Run_NN_07_rep00021.h5,with_feedback,1,32.57666778564453,27360.0
2025-04-13_0308_Feedback_Run_NN_07_rep00022.h5,with_feedback,0,33.98666763305664,27340.0
2025-04-13_0308_Feedback_Run_NN_07_rep00023.h5,with_feedback,0,33.6966667175293,27360.0
2025-04-13_0308_Feedback_Run_NN_07_rep00024.h5,with_feedback,0,33.029998779296875,27360.0
2025-04-13_0308_Feedback_Run_NN_07_rep00025.h5,with_feedback,1,31.34000015258789,27360.0
2025-04-13_0308_Feedback_Run_NN_07_rep00026.h5,with_feedback,0,30.676666259765625,27360.0
2025-04-13_0308_Feedback_Run_NN_07_rep00027.h5,with_feedback,1,34.21666717529297,27360.0
2025-04-13_0308_Feedback_Run_NN_07_rep00028.h5,with_feedback,0,32.49333190917969,27360.0
2025-04-13_0308_Feedback_Run_NN_07_rep00029.h5,with_feedback,0,33.10333251953125,27360.0
2025-04-13_0308_Feedback_Run_NN_07_rep00030.h5,with_feedback,0,33.79666519165039,27360.0
2025-04-13_0308_Feedback_Run_NN_07_rep00031.h5,with_feedback,1,32.29666519165039,27360.0
2025-04-13_0308_Feedback_Run_NN_07_rep00032.h5,with_feedback,0,29.163333892822266,27360.0
2025-04-13_0308_Feedback_Run_NN_07_rep00033.h5,with_feedback,0,31.190000534057617,27360.0
2025-04-13_0308_Feedback_Run_NN_08.h5,with_feedback,0,29.60333251953125,27360.0
2025-04-13_0308_Feedback_Run_NN_08_rep00001.h5,with_feedback,0,34.630001068115234,27340.0
2025-04-13_0308_Feedback_Run_NN_08_rep00002.h5,with_feedback,1,33.2400016784668,27360.0
2025-04-13_0308_Feedback_Run_NN_08_rep00003.h5,with_feedback,0,34.93000030517578,27360.0
2025-04-13_0308_Feedback_Run_NN_08_rep00004.h5,with_feedback,1,26.520000457763672,27360.0
2025-04-13_0308_Feedback_Run_NN_08_rep00005.h5,with_feedback,0,30.543333053588867,27360.0
2025-04-13_0308_Feedback_Run_NN_08_rep00006.h5,with_feedback,0,33.60333251953125,27360.0
2025-04-13_0308_Feedback_Run_NN_08_rep00007.h5,with_feedback,1,32.276668548583984,27360.0
2025-04-13_0308_Feedback_Run_NN_08_rep00008.h5,with_feedback,1,33.12666702270508,27360.0
2025-04-13_0308_Feedback_Run_NN_08_rep00009.h5,with_feedback,0,35.21666717529297,27360.0
2025-04-13_0308_Feedback_Run_NN_08_rep00010.h5,with_feedback,0,30.453332901000977,27360.0
2025-04-13_0308_Feedback_Run_NN_08_rep00011.h5,with_feedback,0,32.16999816894531,27360.0
2025-04-13_0308_Feedback_Run_NN_08_rep00012.h5,with_feedback,1,27.0,27360.0
2025-04-13_0308_Feedback_Run_NN_08_rep00013.h5,with_feedback,0,34.96666717529297,27360.0
2025-04-13_0308_Feedback_Run_NN_08_rep00014.h5,with_feedback,0,32.91666793823242,27360.0
2025-04-13_0308_Feedback_Run_NN_08_rep00015.h5,with_feedback,0,29.463333129882812,27360.0
2025-04-13_0308_Feedback_Run_NN_08_rep00016.h5,with_feedback,0,34.35333251953125,27360.0
2025-04-13_0308_Feedback_Run_NN_08_rep00017.h5,with_feedback,1,32.313331604003906,27360.0
2025-04-13_0308_Feedback_Run_NN_08_rep00018.h5,with_feedback,1,30.543333053588867,27360.0
2025-04-13_0308_Feedback_Run_NN_08_rep00019.h5,with_feedback,0,30.253334045410156,27360.0
2025-04-13_0308_Feedback_Run_NN_08_rep00020.h5,with_feedback,0,33.58333206176758,27360.0
2025-04-13_0308_Feedback_Run_NN_08_rep00021.h5,with_feedback,0,33.03666687011719,27360.0
2025-04-13_0308_Feedback_Run_NN_08_rep00022.h5,with_feedback,0,33.09000015258789,27360.0
2025-04-13_0308_Feedback_Run_NN_08_rep00023.h5,with_feedback,1,33.7066650390625,27360.0
2025-04-13_0308_Feedback_Run_NN_08_rep00024.h5,with_feedback,0,33.119998931884766,27360.0
2025-04-13_0308_Feedback_Run_NN_08_rep00025.h5,with_feedback,1,31.263334274291992,27360.0
2025-04-13_0308_Feedback_Run_NN_08_rep00026.h5,with_feedback,0,30.09000015258789,27360.0
2025-04-13_0308_Feedback_Run_NN_08_rep00027.h5,with_feedback,1,35.12666702270508,27360.0
2025-04-13_0308_Feedback_Run_NN_08_rep00028.h5,with_feedback,0,33.040000915527344,27360.0
2025-04-13_0308_Feedback_Run_NN_08_rep00029.h5,with_feedback,1,33.18333435058594,27360.0
2025-04-13_0308_Feedback_Run_NN_08_rep00030.h5,with_feedback,0,33.586666107177734,27360.0
2025-04-13_0308_Feedback_Run_NN_08_rep00031.h5,with_feedback,0,31.47333335876465,27360.0
2025-04-13_0308_Feedback_Run_NN_08_rep00032.h5,with_feedback,1,29.1200008392334,27360.0
2025-04-13_0308_Feedback_Run_NN_08_rep00033.h5,with_feedback,1,32.79666519165039,27360.0
2025-04-13_0308_Feedback_Run_NN_09.h5,with_feedback,1,30.366666793823242,27360.0
2025-04-13_0308_Feedback_Run_NN_09_rep00001.h5,with_feedback,0,34.21666717529297,27360.0
2025-04-13_0308_Feedback_Run_NN_09_rep00002.h5,with_feedback,1,33.68333435058594,27360.0
2025-04-13_0308_Feedback_Run_NN_09_rep00003.h5,with_feedback,1,33.27333450317383,27360.0
2025-04-13_0308_Feedback_Run_NN_09_rep00004.h5,with_feedback,1,30.953332901000977,27360.0
2025-04-13_0308_Feedback_Run_NN_09_rep00005.h5,with_feedback,0,30.690000534057617,27360.0
2025-04-13_0308_Feedback_Run_NN_09_rep00006.h5,with_feedback,0,33.22666549682617,27360.0
2025-04-13_0308_Feedback_Run_NN_09_rep00007.h5,with_feedback,0,32.88666534423828,27360.0
2025-04-13_0308_Feedback_Run_NN_09_rep00008.h5,with_feedback,0,33.08000183105469,27360.0
2025-04-13_0308_Feedback_Run_NN_09_rep00009.h5,with_feedback,1,34.746665954589844,27360.0
2025-04-13_0308_Feedback_Run_NN_09_rep00010.h5,with_feedback,0,23.31999969482422,27340.0
2025-04-13_0308_Feedback_Run_NN_09_rep00011.h5,with_feedback,1,31.616666793823242,27360.0
2025-04-13_0308_Feedback_Run_NN_09_rep00012.h5,with_feedback,1,30.24333381652832,27360.0
2025-04-13_0308_Feedback_Run_NN_09_rep00013.h5,with_feedback,0,34.496665954589844,27360.0
2025-04-13_0308_Feedback_Run_NN_09_rep00014.h5,with_feedback,0,31.77666664123535,27360.0
2025-04-13_0308_Feedback_Run_NN_09_rep00015.h5,with_feedback,0,34.07666778564453,27340.0
2025-04-13_0308_Feedback_Run_NN_09_rep00016.h5,with_feedback,0,34.37666702270508,27360.0
2025-04-13_0308_Feedback_Run_NN_09_rep00017.h5,with_feedback,1,31.55666732788086,27360.0
2025-04-13_0308_Feedback_Run_NN_09_rep00018.h5,with_feedback,1,30.266666412353516,27360.0
2025-04-13_0308_Feedback_Run_NN_09_rep00019.h5,with_feedback,1,28.299999237060547,27360.0
2025-04-13_0308_Feedback_Run_NN_09_rep00020.h5,with_feedback,1,33.4566650390625,27340.0
2025-04-13_0308_Feedback_Run_NN_09_rep00021.h5,with_feedback,0,33.3033332824707,27360.0
2025-04-13_0308_Feedback_Run_NN_09_rep00022.h5,with_feedback,1,34.040000915527344,27360.0
2025-04-13_0308_Feedback_Run_NN_09_rep00023.h5,with_feedback,0,33.7933349609375,27340.0
2025-04-13_0308_Feedback_Run_NN_09_rep00024.h5,with_feedback,0,30.94333267211914,27360.0
2025-04-13_0308_Feedback_Run_NN_09_rep00025.h5,with_feedback,1,29.106666564941406,27360.0
2025-04-13_0308_Feedback_Run_NN_09_rep00026.h5,with_feedback,1,29.816667556762695,27360.0
2025-04-13_0308_Feedback_Run_NN_09_rep00027.h5,with_feedback,1,34.95333480834961,27360.0
2025-04-13_0308_Feedback_Run_NN_09_rep00028.h5,with_feedback,1,33.01333236694336,27360.0
2025-04-13_0308_Feedback_Run_NN_09_rep00029.h5,with_feedback,0,33.42333221435547,27360.0
2025-04-13_0308_Feedback_Run_NN_09_rep00030.h5,with_feedback,0,34.436668395996094,27360.0
2025-04-13_0308_Feedback_Run_NN_09_rep00031.h5,with_feedback,0,31.99333381652832,27360.0
2025-04-13_0308_Feedback_Run_NN_09_rep00032.h5,with_feedback,1,29.64666748046875,27360.0
2025-04-13_0308_Feedback_Run_NN_09_rep00033.h5,with_feedback,0,29.719999313354492,27360.0
2025-04-13_0308_Feedback_Run_NN_10.h5,with_feedback,1,29.99333381652832,27360.0
2025-04-13_0308_Feedback_Run_NN_10_rep00001.h5,with_feedback,1,34.83000183105469,27360.0
2025-04-13_0308_Feedback_Run_NN_10_rep00002.h5,with_feedback,0,33.39666748046875,27360.0
2025-04-13_0308_Feedback_Run_NN_10_rep00003.h5,with_feedback,1,34.48666763305664,27360.0
2025-04-13_0308_Feedback_Run_NN_10_rep00004.h5,with_feedback,0,30.790000915527344,27360.0
2025-04-13_0308_Feedback_Run_NN_10_rep00005.h5,with_feedback,0,30.15333366394043,27340.0
2025-04-13_0308_Feedback_Run_NN_10_rep00006.h5,with_feedback,0,34.29666519165039,27360.0
2025-04-13_0308_Feedback_Run_NN_10_rep00007.h5,with_feedback,0,32.96333312988281,27360.0
2025-04-13_0308_Feedback_Run_NN_10_rep00008.h5,with_feedback,1,33.20000076293945,27360.0
2025-04-13_0308_Feedback_Run_NN_10_rep00009.h5,with_feedback,0,33.04999923706055,27360.0
2025-04-13_0308_Feedback_Run_NN_10_rep00010.h5,with_feedback,1,30.479999542236328,27360.0
2025-04-13_0308_Feedback_Run_NN_10_rep00011.h5,with_feedback,1,32.209999084472656,27360.0
2025-04-13_0308_Feedback_Run_NN_10_rep00012.h5,with_feedback,0,30.139999389648438,27360.0
2025-04-13_0308_Feedback_Run_NN_10_rep00013.h5,with_feedback,0,30.760000228881836,27360.0
2025-04-13_0308_Feedback_Run_NN_10_rep00014.h5,with_feedback,0,32.85333251953125,27360.0
2025-04-13_0308_Feedback_Run_NN_10_rep00015.h5,with_feedback,0,34.06999969482422,27360.0
2025-04-13_0308_Feedback_Run_NN_10_rep00016.h5,with_feedback,0,34.48666763305664,27360.0
2025-04-13_0308_Feedback_Run_NN_10_rep00017.h5,with_feedback,0,31.44333267211914,27360.0
2025-04-13_0308_Feedback_Run_NN_10_rep00018.h5,with_feedback,1,29.736665725708008,27360.0
2025-04-13_0308_Feedback_Run_NN_10_rep00019.h5,with_feedback,1,31.373332977294922,27360.0
2025-04-13_0308_Feedback_Run_NN_10_rep00020.h5,with_feedback,1,33.94333267211914,27360.0
2025-04-13_0308_Feedback_Run_NN_10_rep00021.h5,with_feedback,0,33.39666748046875,27360.0
2025-04-13_0308_Feedback_Run_NN_10_rep00022.h5,with_feedback,1,33.470001220703125,27360.0
2025-04-13_0308_Feedback_Run_NN_10_rep00023.h5,with_feedback,0,33.87666702270508,27360.0
2025-04-13_0308_Feedback_Run_NN_10_rep00024.h5,with_feedback,1,32.086666107177734,27340.0
2025-04-13_0308_Feedback_Run_NN_10_rep00025.h5,with_feedback,0,30.663333892822266,27360.0
2025-04-13_0308_Feedback_Run_NN_10_rep00026.h5,with_feedback,0,29.68666648864746,27360.0
2025-04-13_0308_Feedback_Run_NN_10_rep00027.h5,with_feedback,1,34.060001373291016,27360.0
2025-04-13_0308_Feedback_Run_NN_10_rep00028.h5,with_feedback,0,32.869998931884766,27360.0
2025-04-13_0308_Feedback_Run_NN_10_rep00029.h5,with_feedback,0,33.2066650390625,27360.0
2025-04-13_0308_Feedback_Run_NN_10_rep00030.h5,with_feedback,1,34.44333267211914,27360.0
2025-04-13_0308_Feedback_Run_NN_10_rep00031.h5,with_feedback,0,32.2066650390625,27340.0
2025-04-13_0308_Feedback_Run_NN_10_rep00032.h5,with_feedback,0,29.383333206176758,27360.0
2025-04-13_0308_Feedback_Run_NN_10_rep00033.h5,with_feedback,1,32.599998474121094,27360.0
2025-04-13_0308_Feedback_Run_NN_11.h5,with_feedback,1,30.10333251953125,27360.0
2025-04-13_0308_Feedback_Run_NN_11_rep00001.h5,with_feedback,0,34.18333435058594,27360.0
2025-04-13_0308_Feedback_Run_NN_11_rep00002.h5,with_feedback,0,33.60333251953125,27360.0
2025-04-13_0308_Feedback_Run_NN_11_rep00003.h5,with_feedback,0,32.779998779296875,27340.0
2025-04-13_0308_Feedback_Run_NN_11_rep00004.h5,with_feedback,0,30.219999313354492,27360.0
2025-04-13_0308_Feedback_Run_NN_11_rep00005.h5,with_feedback,1,29.600000381469727,27360.0
2025-04-13_0308_Feedback_Run_NN_11_rep00006.h5,with_feedback,1,34.869998931884766,27360.0
2025-04-13_0308_Feedback_Run_NN_11_rep00007.h5,with_feedback,1,29.600000381469727,27360.0
2025-04-13_0308_Feedback_Run_NN_11_rep00008.h5,with_feedback,0,32.18333435058594,27360.0
2025-04-13_0308_Feedback_Run_NN_11_rep00009.h5,with_feedback,0,33.34000015258789,27360.0
2025-04-13_0308_Feedback_Run_NN_11_rep00010.h5,with_feedback,1,28.983333587646484,27360.0
2025-04-13_0308_Feedback_Run_NN_11_rep00011.h5,with_feedback,0,31.989999771118164,27360.0
2025-04-13_0308_Feedback_Run_NN_11_rep00012.h5,with_feedback,1,31.079999923706055,27360.0
2025-04-13_0308_Feedback_Run_NN_11_rep00013.h5,with_feedback,1,33.663333892822266,27360.0
2025-04-13_0308_Feedback_Run_NN_11_rep00014.h5,with_feedback,1,32.83000183105469,27360.0
2025-04-13_0308_Feedback_Run_NN_11_rep00015.h5,with_feedback,0,33.310001373291016,27360.0
2025-04-13_0308_Feedback_Run_NN_11_rep00016.h5,with_feedback,0,34.52000045776367,27360.0
2025-04-13_0308_Feedback_Run_NN_11_rep00017.h5,with_feedback,1,31.06333351135254,27340.0
2025-04-13_0308_Feedback_Run_NN_11_rep00018.h5,with_feedback,1,29.953332901000977,27360.0
2025-04-13_0308_Feedback_Run_NN_11_rep00019.h5,with_feedback,0,31.899999618530273,27360.0
2025-04-13_0308_Feedback_Run_NN_11_rep00020.h5,with_feedback,0,33.45000076293945,27340.0
2025-04-13_0308_Feedback_Run_NN_11_rep00021.h5,with_feedback,0,33.483333587646484,27360.0
2025-04-13_0308_Feedback_Run_NN_11_rep00022.h5,with_feedback,0,32.85333251953125,27360.0
2025-04-13_0308_Feedback_Run_NN_11_rep00023.h5,with_feedback,0,33.61333465576172,27340.0
2025-04-13_0308_Feedback_Run_NN_11_rep00024.h5,with_feedback,0,31.606666564941406,27360.0
2025-04-13_0308_Feedback_Run_NN_11_rep00025.h5,with_feedback,0,30.450000762939453,27360.0
2025-04-13_0308_Feedback_Run_NN_11_rep00026.h5,with_feedback,0,30.1299991607666,27360.0
2025-04-13_0308_Feedback_Run_NN_11_rep00027.h5,with_feedback,0,34.70000076293945,27360.0
2025-04-13_0308_Feedback_Run_NN_11_rep00028.h5,with_feedback,1,32.58333206176758,27360.0
2025-04-13_0308_Feedback_Run_NN_11_rep00029.h5,with_feedback,1,33.18333435058594,27360.0
2025-04-13_0308_Feedback_Run_NN_11_rep00030.h5,with_feedback,0,34.663333892822266,27360.0
2025-04-13_0308_Feedback_Run_NN_11_rep00031.h5,with_feedback,0,32.02000045776367,27360.0
2025-04-13_0308_Feedback_Run_NN_11_rep00032.h5,with_feedback,0,30.33333396911621,27360.0
2025-04-13_0308_Feedback_Run_NN_11_rep00033.h5,with_feedback,1,33.5099983215332,27360.0
2025-04-13_0308_Feedback_Run_NN_12.h5,with_feedback,0,30.14666748046875,27360.0
2025-04-13_0308_Feedback_Run_NN_12_rep00001.h5,with_feedback,1,34.7400016784668,27360.0
2025-04-13_0308_Feedback_Run_NN_12_rep00002.h5,with_feedback,1,32.813331604003906,27360.0
2025-04-13_0308_Feedback_Run_NN_12_rep00003.h5,with_feedback,0,33.936668395996094,27360.0
2025-04-13_0308_Feedback_Run_NN_12_rep00004.h5,with_feedback,0,29.90999984741211,27360.0
2025-04-13_0308_Feedback_Run_NN_12_rep00005.h5,with_feedback,1,28.34000015258789,27360.0
2025-04-13_0308_Feedback_Run_NN_12_rep00006.h5,with_feedback,1,34.35333251953125,27360.0
2025-04-13_0308_Feedback_Run_NN_12_rep00007.h5,with_feedback,1,33.68333435058594,27360.0
2025-04-13_0308_Feedback_Run_NN_12_rep00008.h5,with_feedback,0,31.5766658782959,27360.0
2025-04-13_0308_Feedback_Run_NN_12_rep00009.h5,with_feedback,1,35.13999938964844,27360.0
2025-04-13_0308_Feedback_Run_NN_12_rep00010.h5,with_feedback,1,30.3799991607666,27360.0
2025-04-13_0308_Feedback_Run_NN_12_rep00011.h5,with_feedback,0,31.823333740234375,27360.0
2025-04-13_0308_Feedback_Run_NN_12_rep00012.h5,with_feedback,0,30.133333206176758,27340.0
2025-04-13_0308_Feedback_Run_NN_12_rep00013.h5,with_feedback,0,33.063331604003906,27340.0
2025-04-13_0308_Feedback_Run_NN_12_rep00014.h5,with_feedback,1,33.029998779296875,27360.0
2025-04-13_0308_Feedback_Run_NN_12_rep00015.h5,with_feedback,0,33.63999938964844,27360.0
2025-04-13_0308_Feedback_Run_NN_12_rep00016.h5,with_feedback,1,34.540000915527344,27360.0
2025-04-13_0308_Feedback_Run_NN_12_rep00017.h5,with_feedback,0,30.979999542236328,27340.0
2025-04-13_0308_Feedback_Run_NN_12_rep00018.h5,with_feedback,1,31.239999771118164,27360.0
2025-04-13_0308_Feedback_Run_NN_12_rep00019.h5,with_feedback,0,31.43000030517578,27360.0
2025-04-13_0308_Feedback_Run_NN_12_rep00020.h5,with_feedback,0,32.186668395996094,27360.0
2025-04-13_0308_Feedback_Run_NN_12_rep00021.h5,with_feedback,0,33.79999923706055,27360.0
2025-04-13_0308_Feedback_Run_NN_12_rep00022.h5,with_feedback,0,33.19333267211914,27360.0
2025-04-13_0308_Feedback_Run_NN_12_rep00023.h5,with_feedback,0,34.08333206176758,27360.0
2025-04-13_0308_Feedback_Run_NN_12_rep00024.h5,with_feedback,0,31.47333335876465,27360.0
2025-04-13_0308_Feedback_Run_NN_12_rep00025.h5,with_feedback,1,30.736665725708008,27360.0
2025-04-13_0308_Feedback_Run_NN_12_rep00026.h5,with_feedback,1,30.100000381469727,27340.0
2025-04-13_0308_Feedback_Run_NN_12_rep00027.h5,with_feedback,0,32.939998626708984,27360.0
2025-04-13_0308_Feedback_Run_NN_12_rep00028.h5,with_feedback,0,33.473331451416016,27360.0
2025-04-13_0308_Feedback_Run_NN_12_rep00029.h5,with_feedback,0,32.25,27360.0
2025-04-13_0308_Feedback_Run_NN_12_rep00030.h5,with_feedback,1,34.290000915527344,27340.0
2025-04-13_0308_Feedback_Run_NN_12_rep00031.h5,with_feedback,0,31.55666732788086,27360.0
2025-04-13_0308_Feedback_Run_NN_12_rep00032.h5,with_feedback,1,29.413333892822266,27360.0
2025-04-13_0308_Feedback_Run_NN_12_rep00033.h5,with_feedback,0,33.150001525878906,27360.0
2025-04-13_0308_Feedback_Run_NN_13.h5,with_feedback,1,30.18000030517578,27360.0
2025-04-13_0308_Feedback_Run_NN_13_rep00001.h5,with_feedback,0,34.709999084472656,27360.0
2025-04-13_0308_Feedback_Run_NN_13_rep00002.h5,with_feedback,1,33.723331451416016,27360.0
2025-04-13_0308_Feedback_Run_NN_13_rep00003.h5,with_feedback,0,33.48666763305664,27360.0
2025-04-13_0308_Feedback_Run_NN_13_rep00004.h5,with_feedback,1,30.280000686645508,27360.0
2025-04-13_0308_Feedback_Run_NN_13_rep00005.h5,with_feedback,0,30.030000686645508,27360.0
2025-04-13_0308_Feedback_Run_NN_13_rep00006.h5,with_feedback,0,34.86000061035156,27360.0
2025-04-13_0308_Feedback_Run_NN_13_rep00007.h5,with_feedback,0,32.80666732788086,27360.0
2025-04-13_0308_Feedback_Run_NN_13_rep00008.h5,with_feedback,0,32.97999954223633,27360.0
2025-04-13_0308_Feedback_Run_NN_13_rep00009.h5,with_feedback,0,33.21333312988281,27360.0
2025-04-13_0308_Feedback_Run_NN_13_rep00010.h5,with_feedback,1,31.116666793823242,27340.0
2025-04-13_0308_Feedback_Run_NN_13_rep00011.h5,with_feedback,1,32.313331604003906,27360.0
2025-04-13_0308_Feedback_Run_NN_13_rep00012.h5,with_feedback,1,28.31999969482422,27360.0
2025-04-13_0308_Feedback_Run_NN_13_rep00013.h5,with_feedback,1,33.880001068115234,27360.0
2025-04-13_0308_Feedback_Run_NN_13_rep00014.h5,with_feedback,0,32.606666564941406,27360.0
2025-04-13_0308_Feedback_Run_NN_13_rep00015.h5,with_feedback,1,33.67333221435547,27360.0
2025-04-13_0308_Feedback_Run_NN_13_rep00016.h5,with_feedback,1,34.33333206176758,27360.0
2025-04-13_0308_Feedback_Run_NN_13_rep00017.h5,with_feedback,1,30.6299991607666,27360.0
2025-04-13_0308_Feedback_Run_NN_13_rep00018.h5,with_feedback,1,30.80666732788086,27360.0
2025-04-13_0308_Feedback_Run_NN_13_rep00019.h5,with_feedback,1,31.739999771118164,27360.0
2025-04-13_0308_Feedback_Run_NN_13_rep00020.h5,with_feedback,0,30.71666717529297,27360.0
2025-04-13_0308_Feedback_Run_NN_13_rep00021.h5,with_feedback,1,33.663333892822266,27360.0
2025-04-13_0308_Feedback_Run_NN_13_rep00022.h5,with_feedback,0,32.87666702270508,27360.0
2025-04-13_0308_Feedback_Run_NN_13_rep00023.h5,with_feedback,0,34.21333312988281,27360.0
2025-04-13_0308_Feedback_Run_NN_13_rep00024.h5,with_feedback,1,31.753334045410156,27360.0
2025-04-13_0308_Feedback_Run_NN_13_rep00025.h5,with_feedback,1,30.93000030517578,27360.0
2025-04-13_0308_Feedback_Run_NN_13_rep00026.h5,with_feedback,0,29.566667556762695,27360.0
2025-04-13_0308_Feedback_Run_NN_13_rep00027.h5,with_feedback,1,34.98666763305664,27360.0
2025-04-13_0308_Feedback_Run_NN_13_rep00028.h5,with_feedback,0,33.66999816894531,27360.0
2025-04-13_0308_Feedback_Run_NN_13_rep00029.h5,with_feedback,1,33.223331451416016,27360.0
2025-04-13_0308_Feedback_Run_NN_13_rep00030.h5,with_feedback,0,34.46333312988281,27360.0
2025-04-13_0308_Feedback_Run_NN_13_rep00031.h5,with_feedback,0,31.133333206176758,27340.0
2025-04-13_0308_Feedback_Run_NN_13_rep00032.h5,with_feedback,0,29.399999618530273,27360.0
2025-04-13_0308_Feedback_Run_NN_13_rep00033.h5,with_feedback,1,33.67333221435547,27340.0
2025-04-13_0308_Feedback_Run_NN_14.h5,with_feedback,1,29.986665725708008,27360.0
2025-04-13_0308_Feedback_Run_NN_14_rep00001.h5,with_feedback,1,34.13666534423828,27340.0
2025-04-13_0308_Feedback_Run_NN_14_rep00002.h5,with_feedback,0,31.696666717529297,27360.0
2025-04-13_0308_Feedback_Run_NN_14_rep00003.h5,with_feedback,0,34.41666793823242,27360.0
2025-04-13_0308_Feedback_Run_NN_14_rep00004.h5,with_feedback,1,30.80666732788086,27360.0
2025-04-13_0308_Feedback_Run_NN_14_rep00005.h5,with_feedback,0,30.170000076293945,27360.0
2025-04-13_0308_Feedback_Run_NN_14_rep00006.h5,with_feedback,0,34.526668548583984,27360.0
2025-04-13_0308_Feedback_Run_NN_14_rep00007.h5,with_feedback,0,32.779998779296875,27360.0
2025-04-13_0308_Feedback_Run_NN_14_rep00008.h5,with_feedback,1,32.70333480834961,27360.0
2025-04-13_0308_Feedback_Run_NN_14_rep00009.h5,with_feedback,1,34.28666687011719,27360.0
2025-04-13_0308_Feedback_Run_NN_14_rep00010.h5,with_feedback,0,29.709999084472656,27360.0
2025-04-13_0308_Feedback_Run_NN_14_rep00011.h5,with_feedback,0,31.773332595825195,27360.0
2025-04-13_0308_Feedback_Run_NN_14_rep00012.h5,with_feedback,0,32.55666732788086,27360.0
2025-04-13_0308_Feedback_Run_NN_14_rep00013.h5,with_feedback,0,34.2933349609375,27360.0
2025-04-13_0308_Feedback_Run_NN_14_rep00014.h5,with_feedback,1,33.64666748046875,27360.0
2025-04-13_0308_Feedback_Run_NN_14_rep00015.h5,with_feedback,0,33.823333740234375,27360.0
2025-04-13_0308_Feedback_Run_NN_14_rep00016.h5,with_feedback,0,34.44333267211914,27360.0
2025-04-13_0308_Feedback_Run_NN_14_rep00017.h5,with_feedback,0,30.09666633605957,27360.0
2025-04-13_0308_Feedback_Run_NN_14_rep00018.h5,with_feedback,0,31.030000686645508,27360.0
2025-04-13_0308_Feedback_Run_NN_14_rep00019.h5,with_feedback,1,32.11000061035156,27360.0
2025-04-13_0308_Feedback_Run_NN_14_rep00020.h5,with_feedback,0,32.9900016784668,27360.0
2025-04-13_0308_Feedback_Run_NN_14_rep00021.h5,with_feedback,0,34.40666580200195,27360.0
2025-04-13_0308_Feedback_Run_NN_14_rep00022.h5,with_feedback,0,33.573333740234375,27360.0
2025-04-13_0308_Feedback_Run_NN_14_rep00023.h5,with_feedback,1,33.79999923706055,27360.0
2025-04-13_0308_Feedback_Run_NN_14_rep00024.h5,with_feedback,0,31.39666748046875,27360.0
2025-04-13_0308_Feedback_Run_NN_14_rep00025.h5,with_feedback,0,31.03333282470703,27360.0
2025-04-13_0308_Feedback_Run_NN_14_rep00026.h5,with_feedback,0,30.016666412353516,27360.0
2025-04-13_0308_Feedback_Run_NN_14_rep00027.h5,with_feedback,0,35.08000183105469,27360.0
2025-04-13_0308_Feedback_Run_NN_14_rep00028.h5,with_feedback,1,33.72666549682617,27360.0
2025-04-13_0308_Feedback_Run_NN_14_rep00029.h5,with_feedback,0,32.63666534423828,27360.0
2025-04-13_0308_Feedback_Run_NN_14_rep00030.h5,with_feedback,0,34.720001220703125,27360.0
2025-04-13_0308_Feedback_Run_NN_14_rep00031.h5,with_feedback,0,31.176666259765625,27360.0
2025-04-13_0308_Feedback_Run_NN_14_rep00032.h5,with_feedback,0,26.873332977294922,27360.0
2025-04-13_0308_Feedback_Run_NN_14_rep00033.h5,with_feedback,0,32.97666549682617,27360.0
2025-04-13_0309_Feedback_Run_NN_00.h5,without_feedback,1,30.536666870117188,27264.0
2025-04-13_0309_Feedback_Run_NN_00_rep00001.h5,without_feedback,1,33.619998931884766,27264.0
2025-04-13_0309_Feedback_Run_NN_00_rep00002.h5,without_feedback,0,32.220001220703125,27264.0
2025-04-13_0309_Feedback_Run_NN_00_rep00003.h5,without_feedback,0,33.676666259765625,27264.0
2025-04-13_0309_Feedback_Run_NN_00_rep00004.h5,without_feedback,0,30.790000915527344,27264.0
2025-04-13_0309_Feedback_Run_NN_00_rep00005.h5,without_feedback,1,27.989999771118164,27264.0
2025-04-13_0309_Feedback_Run_NN_00_rep00006.h5,without_feedback,1,34.48666763305664,27264.0
2025-04-13_0309_Feedback_Run_NN_00_rep00007.h5,without_feedback,0,32.46333312988281,27264.0
2025-04-13_0309_Feedback_Run_NN_00_rep00008.h5,without_feedback,1,32.186668395996094,27264.0
2025-04-13_0309_Feedback_Run_NN_00_rep00009.h5,without_feedback,1,32.84333419799805,27264.0
2025-04-13_0309_Feedback_Run_NN_00_rep00010.h5,without_feedback,0,30.426666259765625,27264.0
2025-04-13_0309_Feedback_Run_NN_00_rep00011.h5,without_feedback,1,32.2599983215332,27264.0
2025-04-13_0309_Feedback_Run_NN_00_rep00012.h5,without_feedback,0,32.016666412353516,27264.0
2025-04-13_0309_Feedback_Run_NN_00_rep00013.h5,without_feedback,0,33.0,27264.0
2025-04-13_0309_Feedback_Run_NN_00_rep00014.h5,without_feedback,1,32.540000915527344,27264.0
2025-04-13_0309_Feedback_Run_NN_00_rep00015.h5,without_feedback,0,32.94333267211914,27264.0
2025-04-13_0309_Feedback_Run_NN_00_rep00016.h5,without_feedback,0,34.96666717529297,27264.0
2025-04-13_0309_Feedback_Run_NN_00_rep00017.h5,without_feedback,1,30.16666603088379,27264.0
2025-04-13_0309_Feedback_Run_NN_00_rep00018.h5,without_feedback,0,30.386667251586914,27264.0
2025-04-13_0309_Feedback_Run_NN_00_rep00019.h5,without_feedback,1,32.8466682434082,27264.0
2025-04-13_0309_Feedback_Run_NN_00_rep00020.h5,without_feedback,0,32.959999084472656,27264.0
2025-04-13_0309_Feedback_Run_NN_00_rep00021.h5,without_feedback,0,33.439998626708984,27264.0
2025-04-13_0309_Feedback_Run_NN_00_rep00022.h5,without_feedback,1,32.516666412353516,27264.0
2025-04-13_0309_Feedback_Run_NN_00_rep00023.h5,without_feedback,0,34.073333740234375,27264.0
2025-04-13_0309_Feedback_Run_NN_00_rep00024.h5,without_feedback,0,31.170000076293945,27244.0
2025-04-13_0309_Feedback_Run_NN_00_rep00025.h5,without_feedback,1,31.559999465942383,27264.0
2025-04-13_0309_Feedback_Run_NN_00_rep00026.h5,without_feedback,0,29.873332977294922,27264.0
2025-04-13_0309_Feedback_Run_NN_00_rep00027.h5,without_feedback,0,33.97999954223633,27264.0
2025-04-13_0309_Feedback_Run_NN_00_rep00028.h5,without_feedback,1,33.56999969482422,27264.0
2025-04-13_0309_Feedback_Run_NN_00_rep00029.h5,without_feedback,0,32.380001068115234,27264.0
2025-04-13_0309_Feedback_Run_NN_00_rep00030.h5,without_feedback,0,35.336666107177734,27244.0
2025-04-13_0309_Feedback_Run_NN_00_rep00031.h5,without_feedback,1,31.31999969482422,27264.0
2025-04-13_0309_Feedback_Run_NN_00_rep00032.h5,without_feedback,1,27.559999465942383,27264.0
2025-04-13_0309_Feedback_Run_NN_00_rep00033.h5,without_feedback,0,34.03666687011719,27264.0
2025-04-13_0309_Feedback_Run_NN_01.h5,without_feedback,1,31.049999237060547,27244.0
2025-04-13_0309_Feedback_Run_NN_01_rep00001.h5,without_feedback,1,34.996665954589844,27264.0
2025-04-13_0309_Feedback_Run_NN_01_rep00002.h5,without_feedback,1,33.15999984741211,27264.0
2025-04-13_0309_Feedback_Run_NN_01_rep00003.h5,without_feedback,0,33.99333190917969,27264.0
2025-04-13_0309_Feedback_Run_NN_01_rep00004.h5,without_feedback,1,30.676666259765625,27264.0
2025-04-13_0309_Feedback_Run_NN_01_rep00005.h5,without_feedback,0,30.113332748413086,27264.0
2025-04-13_0309_Feedback_Run_NN_01_rep00006.h5,without_feedback,1,34.776668548583984,27264.0
2025-04-13_0309_Feedback_Run_NN_01_rep00007.h5,without_feedback,0,32.33000183105469,27264.0
2025-04-13_0309_Feedback_Run_NN_01_rep00008.h5,without_feedback,0,32.62666702270508,27264.0
2025-04-13_0309_Feedback_Run_NN_01_rep00009.h5,without_feedback,0,34.060001373291016,27264.0
2025-04-13_0309_Feedback_Run_NN_01_rep00010.h5,without_feedback,1,30.3700008392334,27264.0
2025-04-13_0309_Feedback_Run_NN_01_rep00011.h5,without_feedback,1,31.513334274291992,27264.0
2025-04-13_0309_Feedback_Run_NN_01_rep00012.h5,without_feedback,0,31.196666717529297,27264.0
2025-04-13_0309_Feedback_Run_NN_01_rep00013.h5,without_feedback,1,33.073333740234375,27244.0
2025-04-13_0309_Feedback_Run_NN_01_rep00014.h5,without_feedback,1,33.24333190917969,27264.0
2025-04-13_0309_Feedback_Run_NN_01_rep00015.h5,without_feedback,1,33.25666809082031,27264.0
2025-04-13_0309_Feedback_Run_NN_01_rep00016.h5,without_feedback,0,34.6966667175293,27264.0
2025-04-13_0309_Feedback_Run_NN_01_rep00017.h5,without_feedback,1,30.780000686645508,27264.0
2025-04-13_0309_Feedback_Run_NN_01_rep00018.h5,without_feedback,1,31.5,27264.0
2025-04-13_0309_Feedback_Run_NN_01_rep00019.h5,without_feedback,1,33.176666259765625,27264.0
2025-04-13_0309_Feedback_Run_NN_01_rep00020.h5,without_feedback,0,32.95333480834961,27264.0
2025-04-13_0309_Feedback_Run_NN_01_rep00021.h5,without_feedback,0,34.09000015258789,27264.0
2025-04-13_0309_Feedback_Run_NN_01_rep00022.h5,without_feedback,0,31.719999313354492,27264.0
2025-04-13_0309_Feedback_Run_NN_01_rep00023.h5,without_feedback,0,34.33333206176758,27264.0
2025-04-13_0309_Feedback_Run_NN_01_rep00024.h5,without_feedback,0,30.336666107177734,27244.0
2025-04-13_0309_Feedback_Run_NN_01_rep00025.h5,without_feedback,1,31.616666793823242,27264.0
2025-04-13_0309_Feedback_Run_NN_01_rep00026.h5,without_feedback,1,30.606666564941406,27264.0
2025-04-13_0309_Feedback_Run_NN_01_rep00027.h5,without_feedback,0,33.84000015258789,27264.0
2025-04-13_0309_Feedback_Run_NN_01_rep00028.h5,without_feedback,0,32.06666564941406,27264.0
2025-04-13_0309_Feedback_Run_NN_01_rep00029.h5,without_feedback,1,32.01333236694336,27264.0
2025-04-13_0309_Feedback_Run_NN_01_rep00030.h5,without_feedback,0,34.33333206176758,27264.0
2025-04-13_0309_Feedback_Run_NN_01_rep00031.h5,without_feedback,1,30.969999313354492,27264.0
2025-04-13_0309_Feedback_Run_NN_01_rep00032.h5,without_feedback,1,29.433332443237305,27264.0
2025-04-13_0309_Feedback_Run_NN_01_rep00033.h5,without_feedback,1,33.630001068115234,27264.0
2025-04-13_0309_Feedback_Run_NN_02.h5,without_feedback,0,31.08333396911621,27264.0
2025-04-13_0309_Feedback_Run_NN_02_rep00001.h5,without_feedback,0,34.41999816894531,27264.0
2025-04-13_0309_Feedback_Run_NN_02_rep00002.h5,without_feedback,0,33.063331604003906,27264.0
2025-04-13_0309_Feedback_Run_NN_02_rep00003.h5,without_feedback,1,33.69333267211914,27264.0
2025-04-13_0309_Feedback_Run_NN_02_rep00004.h5,without_feedback,1,30.950000762939453,27244.0
2025-04-13_0309_Feedback_Run_NN_02_rep00005.h5,without_feedback,0,30.046667098999023,27264.0
2025-04-13_0309_Feedback_Run_NN_02_rep00006.h5,without_feedback,0,35.17333221435547,27264.0
2025-04-13_0309_Feedback_Run_NN_02_rep00007.h5,without_feedback,0,33.21333312988281,27264.0
2025-04-13_0309_Feedback_Run_NN_02_rep00008.h5,without_feedback,1,32.5966682434082,27264.0
2025-04-13_0309_Feedback_Run_NN_02_rep00009.h5,without_feedback,1,33.53666687011719,27264.0
2025-04-13_0309_Feedback_Run_NN_02_rep00010.h5,without_feedback,0,29.59000015258789,27264.0
2025-04-13_0309_Feedback_Run_NN_02_rep00011.h5,without_feedback,1,31.27666664123535,27264.0
2025-04-13_0309_Feedback_Run_NN_02_rep00012.h5,without_feedback,0,30.803333282470703,27244.0
2025-04-13_0309_Feedback_Run_NN_02_rep00013.h5,without_feedback,1,32.88666534423828,27264.0
2025-04-13_0309_Feedback_Run_NN_02_rep00014.h5,without_feedback,0,32.86000061035156,27264.0
2025-04-13_0309_Feedback_Run_NN_02_rep00015.h5,without_feedback,1,33.176666259765625,27264.0
2025-04-13_0309_Feedback_Run_NN_02_rep00016.h5,without_feedback,0,34.36666488647461,27264.0
2025-04-13_0309_Feedback_Run_NN_02_rep00017.h5,without_feedback,1,30.553333282470703,27264.0
2025-04-13_0309_Feedback_Run_NN_02_rep00018.h5,without_feedback,1,30.303333282470703,27264.0
2025-04-13_0309_Feedback_Run_NN_02_rep00019.h5,without_feedback,0,33.356666564941406,27264.0
2025-04-13_0309_Feedback_Run_NN_02_rep00020.h5,without_feedback,1,32.91666793823242,27264.0
2025-04-13_0309_Feedback_Run_NN_02_rep00021.h5,without_feedback,1,33.766666412353516,27264.0
2025-04-13_0309_Feedback_Run_NN_02_rep00022.h5,without_feedback,1,32.62333297729492,27264.0
2025-04-13_0309_Feedback_Run_NN_02_rep00023.h5,without_feedback,0,35.186668395996094,27264.0
2025-04-13_0309_Feedback_Run_NN_02_rep00024.h5,without_feedback,1,31.226667404174805,27264.0
2025-04-13_0309_Feedback_Run_NN_02_rep00025.h5,without_feedback,1,31.670000076293945,27264.0
2025-04-13_0309_Feedback_Run_NN_02_rep00026.h5,without_feedback,1,30.286666870117188,27264.0
2025-04-13_0309_Feedback_Run_NN_02_rep00027.h5,without_feedback,1,33.33000183105469,27244.0
2025-04-13_0309_Feedback_Run_NN_02_rep00028.h5,without_feedback,0,33.720001220703125,27264.0
2025-04-13_0309_Feedback_Run_NN_02_rep00029.h5,without_feedback,1,32.67333221435547,27264.0
2025-04-13_0309_Feedback_Run_NN_02_rep00030.h5,without_feedback,0,34.4466667175293,27264.0
2025-04-13_0309_Feedback_Run_NN_02_rep00031.h5,without_feedback,0,30.040000915527344,27264.0
2025-04-13_0309_Feedback_Run_NN_02_rep00032.h5,without_feedback,1,29.156665802001953,27264.0
2025-04-13_0309_Feedback_Run_NN_02_rep00033.h5,without_feedback,1,34.0966682434082,27264.0
2025-04-13_0309_Feedback_Run_NN_03.h5,without_feedback,1,31.203332901000977,27264.0
2025-04-13_0309_Feedback_Run_NN_03_rep00001.h5,without_feedback,0,34.59333419799805,27264.0
2025-04-13_0309_Feedback_Run_NN_03_rep00002.h5,without_feedback,0,33.016666412353516,27264.0
2025-04-13_0309_Feedback_Run_NN_03_rep00003.h5,without_feedback,1,30.940000534057617,27264.0
2025-04-13_0309_Feedback_Run_NN_03_rep00004.h5,without_feedback,0,31.010000228881836,27264.0
2025-04-13_0309_Feedback_Run_NN_03_rep00005.h5,without_feedback,0,29.206666946411133,27264.0
2025-04-13_0309_Feedback_Run_NN_03_rep00006.h5,without_feedback,0,35.04999923706055,27264.0
2025-04-13_0309_Feedback_Run_NN_03_rep00007.h5,without_feedback,1,31.43000030517578,27264.0
2025-04-13_0309_Feedback_Run_NN_03_rep00008.h5,without_feedback,0,32.709999084472656,27264.0
2025-04-13_0309_Feedback_Run_NN_03_rep00009.h5,without_feedback,0,33.49333190917969,27264.0
2025-04-13_0309_Feedback_Run_NN_03_rep00010.h5,without_feedback,0,30.683332443237305,27264.0
2025-04-13_0309_Feedback_Run_NN_03_rep00011.h5,without_feedback,0,32.813331604003906,27264.0
2025-04-13_0309_Feedback_Run_NN_03_rep00012.h5,without_feedback,0,32.69333267211914,27264.0
2025-04-13_0309_Feedback_Run_NN_03_rep00013.h5,without_feedback,0,32.5433349609375,27264.0
2025-04-13_0309_Feedback_Run_NN_03_rep00014.h5,without_feedback,1,33.58000183105469,27264.0
2025-04-13_0309_Feedback_Run_NN_03_rep00015.h5,without_feedback,0,32.75,27244.0
2025-04-13_0309_Feedback_Run_NN_03_rep00016.h5,without_feedback,1,34.56999969482422,27264.0
2025-04-13_0309_Feedback_Run_NN_03_rep00017.h5,without_feedback,1,30.066667556762695,27264.0
2025-04-13_0309_Feedback_Run_NN_03_rep00018.h5,without_feedback,1,31.280000686645508,27264.0
2025-04-13_0309_Feedback_Run_NN_03_rep00019.h5,without_feedback,1,33.720001220703125,27264.0
2025-04-13_0309_Feedback_Run_NN_03_rep00020.h5,without_feedback,1,32.586666107177734,27264.0
2025-04-13_0309_Feedback_Run_NN_03_rep00021.h5,without_feedback,0,34.54999923706055,27264.0
2025-04-13_0309_Feedback_Run_NN_03_rep00022.h5,without_feedback,1,32.913333892822266,27264.0
2025-04-13_0309_Feedback_Run_NN_03_rep00023.h5,without_feedback,1,34.54666519165039,27264.0
2025-04-13_0309_Feedback_Run_NN_03_rep00024.h5,without_feedback,0,31.200000762939453,27264.0
2025-04-13_0309_Feedback_Run_NN_03_rep00025.h5,without_feedback,1,31.979999542236328,27264.0
2025-04-13_0309_Feedback_Run_NN_03_rep00026.h5,without_feedback,0,29.946666717529297,27264.0
2025-04-13_0309_Feedback_Run_NN_03_rep00027.h5,without_feedback,0,33.84333419799805,27264.0
2025-04-13_0309_Feedback_Run_NN_03_rep00028.h5,without_feedback,1,33.619998931884766,27264.0
2025-04-13_0309_Feedback_Run_NN_03_rep00029.h5,without_feedback,0,32.290000915527344,27264.0
2025-04-13_0309_Feedback_Run_NN_03_rep00030.h5,without_feedback,1,33.75666809082031,27264.0
2025-04-13_0309_Feedback_Run_NN_03_rep00031.h5,without_feedback,1,29.736665725708008,27264.0
2025-04-13_0309_Feedback_Run_NN_03_rep00032.h5,without_feedback,1,29.6200008392334,27264.0
2025-04-13_0309_Feedback_Run_NN_03_rep00033.h5,without_feedback,0,33.856666564941406,27264.0
2025-04-13_0309_Feedback_Run_NN_04.h5,without_feedback,1,31.5,27244.0
2025-04-13_0309_Feedback_Run_NN_04_rep00001.h5,without_feedback,0,33.48666763305664,27264.0
2025-04-13_0309_Feedback_Run_NN_04_rep00002.h5,without_feedback,1,33.753334045410156,27264.0
2025-04-13_0309_Feedback_Run_NN_04_rep00003.h5,without_feedback,1,32.89666748046875,27264.0
2025-04-13_0309_Feedback_Run_NN_04_rep00004.h5,without_feedback,1,30.39666748046875,27264.0
2025-04-13_0309_Feedback_Run_NN_04_rep00005.h5,without_feedback,1,29.773332595825195,27264.0
2025-04-13_0309_Feedback_Run_NN_04_rep00006.h5,without_feedback,1,35.426666259765625,27264.0
2025-04-13_0309_Feedback_Run_NN_04_rep00007.h5,without_feedback,0,32.95333480834961,27264.0
2025-04-13_0309_Feedback_Run_NN_04_rep00008.h5,without_feedback,1,33.19333267211914,27264.0
2025-04-13_0309_Feedback_Run_NN_04_rep00009.h5,without_feedback,1,32.80666732788086,27244.0
2025-04-13_0309_Feedback_Run_NN_04_rep00010.h5,without_feedback,0,30.72333335876465,27264.0
2025-04-13_0309_Feedback_Run_NN_04_rep00011.h5,without_feedback,0,32.08333206176758,27244.0
2025-04-13_0309_Feedback_Run_NN_04_rep00012.h5,without_feedback,0,33.619998931884766,27244.0
2025-04-13_0309_Feedback_Run_NN_04_rep00013.h5,without_feedback,1,33.11333465576172,27264.0
2025-04-13_0309_Feedback_Run_NN_04_rep00014.h5,without_feedback,1,33.25,27264.0
2025-04-13_0309_Feedback_Run_NN_04_rep00015.h5,without_feedback,0,32.89666748046875,27264.0
2025-04-13_0309_Feedback_Run_NN_04_rep00016.h5,without_feedback,0,35.369998931884766,27264.0
2025-04-13_0309_Feedback_Run_NN_04_rep00017.h5,without_feedback,0,30.4233341217041,27264.0
2025-04-13_0309_Feedback_Run_NN_04_rep00018.h5,without_feedback,0,30.566667556762695,27264.0
2025-04-13_0309_Feedback_Run_NN_04_rep00019.h5,without_feedback,1,33.23666763305664,27264.0
2025-04-13_0309_Feedback_Run_NN_04_rep00020.h5,without_feedback,1,33.063331604003906,27264.0
2025-04-13_0309_Feedback_Run_NN_04_rep00021.h5,without_feedback,1,33.913333892822266,27264.0
2025-04-13_0309_Feedback_Run_NN_04_rep00022.h5,without_feedback,0,32.71333312988281,27264.0
2025-04-13_0309_Feedback_Run_NN_04_rep00023.h5,without_feedback,0,34.516666412353516,27264.0
2025-04-13_0309_Feedback_Run_NN_04_rep00024.h5,without_feedback,1,31.219999313354492,27264.0
2025-04-13_0309_Feedback_Run_NN_04_rep00025.h5,without_feedback,0,30.93000030517578,27244.0
2025-04-13_0309_Feedback_Run_NN_04_rep00026.h5,without_feedback,0,30.52666664123535,27264.0
2025-04-13_0309_Feedback_Run_NN_04_rep00027.h5,without_feedback,0,34.073333740234375,27264.0
2025-04-13_0309_Feedback_Run_NN_04_rep00028.h5,without_feedback,1,33.900001525878906,27264.0
2025-04-13_0309_Feedback_Run_NN_04_rep00029.h5,without_feedback,0,30.899999618530273,27264.0
2025-04-13_0309_Feedback_Run_NN_04_rep00030.h5,without_feedback,0,33.63333511352539,27244.0
2025-04-13_0309_Feedback_Run_NN_04_rep00031.h5,without_feedback,1,30.530000686645508,27264.0
2025-04-13_0309_Feedback_Run_NN_04_rep00032.h5,without_feedback,0,29.116666793823242,27264.0
2025-04-13_0309_Feedback_Run_NN_04_rep00033.h5,without_feedback,0,32.5533332824707,27264.0
2025-04-13_0309_Feedback_Run_NN_05.h5,without_feedback,1,31.50666618347168,27244.0
2025-04-13_0309_Feedback_Run_NN_05_rep00001.h5,without_feedback,0,33.14666748046875,27264.0
2025-04-13_0309_Feedback_Run_NN_05_rep00002.h5,without_feedback,1,32.87666702270508,27264.0
2025-04-13_0309_Feedback_Run_NN_05_rep00003.h5,without_feedback,0,29.739999771118164,27264.0
2025-04-13_0309_Feedback_Run_NN_05_rep00004.h5,without_feedback,0,30.80666732788086,27264.0
2025-04-13_0309_Feedback_Run_NN_05_rep00005.h5,without_feedback,0,29.913333892822266,27264.0
2025-04-13_0309_Feedback_Run_NN_05_rep00006.h5,without_feedback,0,34.663333892822266,27264.0
2025-04-13_0309_Feedback_Run_NN_05_rep00007.h5,without_feedback,1,32.223331451416016,27264.0
2025-04-13_0309_Feedback_Run_NN_05_rep00008.h5,without_feedback,0,33.246665954589844,27264.0
2025-04-13_0309_Feedback_Run_NN_05_rep00009.h5,without_feedback,0,33.0533332824707,27244.0
2025-04-13_0309_Feedback_Run_NN_05_rep00010.h5,without_feedback,1,30.9233341217041,27264.0
2025-04-13_0309_Feedback_Run_NN_05_rep00011.h5,without_feedback,1,32.0,27264.0
2025-04-13_0309_Feedback_Run_NN_05_rep00012.h5,without_feedback,0,33.040000915527344,27264.0
2025-04-13_0309_Feedback_Run_NN_05_rep00013.h5,without_feedback,0,33.266666412353516,27264.0
2025-04-13_0309_Feedback_Run_NN_05_rep00014.h5,without_feedback,1,34.086666107177734,27264.0
2025-04-13_0309_Feedback_Run_NN_05_rep00015.h5,without_feedback,0,33.619998931884766,27244.0
2025-04-13_0309_Feedback_Run_NN_05_rep00016.h5,without_feedback,1,35.36333465576172,27244.0
2025-04-13_0309_Feedback_Run_NN_05_rep00017.h5,without_feedback,0,28.81333351135254,27264.0
2025-04-13_0309_Feedback_Run_NN_05_rep00018.h5,without_feedback,0,31.236665725708008,27264.0
2025-04-13_0309_Feedback_Run_NN_05_rep00019.h5,without_feedback,1,34.29999923706055,27264.0
2025-04-13_0309_Feedback_Run_NN_05_rep00020.h5,without_feedback,1,33.026668548583984,27264.0
2025-04-13_0309_Feedback_Run_NN_05_rep00021.h5,without_feedback,1,32.59333419799805,27264.0
2025-04-13_0309_Feedback_Run_NN_05_rep00022.h5,without_feedback,0,32.77000045776367,27264.0
2025-04-13_0309_Feedback_Run_NN_05_rep00023.h5,without_feedback,0,34.78666687011719,27264.0
2025-04-13_0309_Feedback_Run_NN_05_rep00024.h5,without_feedback,0,30.729999542236328,27264.0
2025-04-13_0309_Feedback_Run_NN_05_rep00025.h5,without_feedback,1,30.786666870117188,27264.0
2025-04-13_0309_Feedback_Run_NN_05_rep00026.h5,without_feedback,0,30.80666732788086,27244.0
2025-04-13_0309_Feedback_Run_NN_05_rep00027.h5,without_feedback,1,33.98666763305664,27264.0
2025-04-13_0309_Feedback_Run_NN_05_rep00028.h5,without_feedback,0,33.75666809082031,27264.0
2025-04-13_0309_Feedback_Run_NN_05_rep00029.h5,without_feedback,0,32.38999938964844,27264.0
2025-04-13_0309_Feedback_Run_NN_05_rep00030.h5,without_feedback,0,34.279998779296875,27264.0
2025-04-13_0309_Feedback_Run_NN_05_rep00031.h5,without_feedback,1,30.143333435058594,27264.0
2025-04-13_0309_Feedback_Run_NN_05_rep00032.h5,without_feedback,0,28.41666603088379,27244.0
2025-04-13_0309_Feedback_Run_NN_05_rep00033.h5,without_feedback,0,34.40666580200195,27264.0
2025-04-13_0309_Feedback_Run_NN_06.h5,without_feedback,1,32.37333297729492,27264.0
2025-04-13_0309_Feedback_Run_NN_06_rep00001.h5,without_feedback,1,33.77333450317383,27264.0
2025-04-13_0309_Feedback_Run_NN_06_rep00002.h5,without_feedback,0,33.25,27264.0
2025-04-13_0309_Feedback_Run_NN_06_rep00003.h5,without_feedback,0,32.04666519165039,27264.0
2025-04-13_0309_Feedback_Run_NN_06_rep00004.h5,without_feedback,1,31.8700008392334,27264.0
2025-04-13_0309_Feedback_Run_NN_06_rep00005.h5,without_feedback,0,30.56999969482422,27264.0
2025-04-13_0309_Feedback_Run_NN_06_rep00006.h5,without_feedback,0,34.310001373291016,27264.0
2025-04-13_0309_Feedback_Run_NN_06_rep00007.h5,without_feedback,0,32.49333190917969,27264.0
2025-04-13_0309_Feedback_Run_NN_06_rep00008.h5,without_feedback,1,33.849998474121094,27264.0
2025-04-13_0309_Feedback_Run_NN_06_rep00009.h5,without_feedback,1,32.459999084472656,27264.0
2025-04-13_0309_Feedback_Run_NN_06_rep00010.h5,without_feedback,1,31.25666618347168,27264.0
2025-04-13_0309_Feedback_Run_NN_06_rep00011.h5,without_feedback,1,31.809999465942383,27264.0
2025-04-13_0309_Feedback_Run_NN_06_rep00012.h5,without_feedback,1,32.28333282470703,27244.0
2025-04-13_0309_Feedback_Run_NN_06_rep00013.h5,without_feedback,0,33.276668548583984,27264.0
2025-04-13_0309_Feedback_Run_NN_06_rep00014.h5,without_feedback,0,34.15999984741211,27264.0
2025-04-13_0309_Feedback_Run_NN_06_rep00015.h5,without_feedback,1,32.996665954589844,27264.0
2025-04-13_0309_Feedback_Run_NN_06_rep00016.h5,without_feedback,1,35.246665954589844,27264.0
2025-04-13_0309_Feedback_Run_NN_06_rep00017.h5,without_feedback,1,29.83333396911621,27264.0
2025-04-13_0309_Feedback_Run_NN_06_rep00018.h5,without_feedback,0,31.450000762939453,27264.0
2025-04-13_0309_Feedback_Run_NN_06_rep00019.h5,without_feedback,0,33.49333190917969,27264.0
2025-04-13_0309_Feedback_Run_NN_06_rep00020.h5,without_feedback,0,33.07666778564453,27264.0
2025-04-13_0309_Feedback_Run_NN_06_rep00021.h5,without_feedback,1,34.150001525878906,27264.0
2025-04-13_0309_Feedback_Run_NN_06_rep00022.h5,without_feedback,0,32.973331451416016,27264.0
2025-04-13_0309_Feedback_Run_NN_06_rep00023.h5,without_feedback,0,34.869998931884766,27264.0
2025-04-13_0309_Feedback_Run_NN_06_rep00024.h5,without_feedback,0,27.53333282470703,27264.0
2025-04-13_0309_Feedback_Run_NN_06_rep00025.h5,without_feedback,1,31.086666107177734,27264.0
2025-04-13_0309_Feedback_Run_NN_06_rep00026.h5,without_feedback,1,31.229999542236328,27264.0
2025-04-13_0309_Feedback_Run_NN_06_rep00027.h5,without_feedback,1,33.39666748046875,27264.0
2025-04-13_0309_Feedback_Run_NN_06_rep00028.h5,without_feedback,1,33.836666107177734,27264.0
2025-04-13_0309_Feedback_Run_NN_06_rep00029.h5,without_feedback,1,31.123332977294922,27264.0
2025-04-13_0309_Feedback_Run_NN_06_rep00030.h5,without_feedback,0,34.75,27264.0
2025-04-13_0309_Feedback_Run_NN_06_rep00031.h5,without_feedback,0,29.983333587646484,27264.0
2025-04-13_0309_Feedback_Run_NN_06_rep00032.h5,without_feedback,1,29.18666648864746,27264.0
2025-04-13_0309_Feedback_Run_NN_06_rep00033.h5,without_feedback,1,34.2599983215332,27264.0
2025-04-13_0309_Feedback_Run_NN_07.h5,without_feedback,0,32.55666732788086,27264.0
2025-04-13_0309_Feedback_Run_NN_07_rep00001.h5,without_feedback,0,33.79666519165039,27264.0
2025-04-13_0309_Feedback_Run_NN_07_rep00002.h5,without_feedback,0,33.25,27264.0
2025-04-13_0309_Feedback_Run_NN_07_rep00003.h5,without_feedback,0,32.51333236694336,27264.0
2025-04-13_0309_Feedback_Run_NN_07_rep00004.h5,without_feedback,0,29.086666107177734,27264.0
2025-04-13_0309_Feedback_Run_NN_07_rep00005.h5,without_feedback,0,30.183332443237305,27264.0
2025-04-13_0309_Feedback_Run_NN_07_rep00006.h5,without_feedback,0,32.66999816894531,27264.0
2025-04-13_0309_Feedback_Run_NN_07_rep00007.h5,without_feedback,1,32.4900016784668,27264.0
2025-04-13_0309_Feedback_Run_NN_07_rep00008.h5,without_feedback,0,33.483333587646484,27264.0
2025-04-13_0309_Feedback_Run_NN_07_rep00009.h5,without_feedback,1,31.893333435058594,27264.0
2025-04-13_0309_Feedback_Run_NN_07_rep00010.h5,without_feedback,0,31.1733341217041,27264.0
2025-04-13_0309_Feedback_Run_NN_07_rep00011.h5,without_feedback,0,31.793333053588867,27264.0
2025-04-13_0309_Feedback_Run_NN_07_rep00012.h5,without_feedback,1,33.869998931884766,27264.0
2025-04-13_0309_Feedback_Run_NN_07_rep00013.h5,without_feedback,1,32.643333435058594,27264.0
2025-04-13_0309_Feedback_Run_NN_07_rep00014.h5,without_feedback,0,33.996665954589844,27244.0
2025-04-13_0309_Feedback_Run_NN_07_rep00015.h5,without_feedback,1,32.29999923706055,27264.0
2025-04-13_0309_Feedback_Run_NN_07_rep00016.h5,without_feedback,0,32.3033332824707,27264.0
2025-04-13_0309_Feedback_Run_NN_07_rep00017.h5,without_feedback,0,29.926666259765625,27244.0
2025-04-13_0309_Feedback_Run_NN_07_rep00018.h5,without_feedback,1,30.426666259765625,27264.0
2025-04-13_0309_Feedback_Run_NN_07_rep00019.h5,without_feedback,0,34.72999954223633,27264.0
2025-04-13_0309_Feedback_Run_NN_07_rep00020.h5,without_feedback,0,32.869998931884766,27264.0
2025-04-13_0309_Feedback_Run_NN_07_rep00021.h5,without_feedback,0,34.36000061035156,27264.0
2025-04-13_0309_Feedback_Run_NN_07_rep00022.h5,without_feedback,0,32.606666564941406,27264.0
2025-04-13_0309_Feedback_Run_NN_07_rep00023.h5,without_feedback,1,34.913333892822266,27264.0
2025-04-13_0309_Feedback_Run_NN_07_rep00024.h5,without_feedback,0,29.47333335876465,27264.0
2025-04-13_0309_Feedback_Run_NN_07_rep00025.h5,without_feedback,1,31.726667404174805,27264.0
2025-04-13_0309_Feedback_Run_NN_07_rep00026.h5,without_feedback,0,31.34666633605957,27264.0
2025-04-13_0309_Feedback_Run_NN_07_rep00027.h5,without_feedback,1,33.3033332824707,27264.0
2025-04-13_0309_Feedback_Run_NN_07_rep00028.h5,without_feedback,1,34.33000183105469,27264.0
2025-04-13_0309_Feedback_Run_NN_07_rep00029.h5,without_feedback,0,33.073333740234375,27264.0
2025-04-13_0309_Feedback_Run_NN_07_rep00030.h5,without_feedback,1,34.540000915527344,27264.0
2025-04-13_0309_Feedback_Run_NN_07_rep00031.h5,without_feedback,0,29.6200008392334,27264.0
2025-04-13_0309_Feedback_Run_NN_07_rep00032.h5,without_feedback,1,29.50666618347168,27264.0
2025-04-13_0309_Feedback_Run_NN_07_rep00033.h5,without_feedback,1,33.62666702270508,27264.0
2025-04-13_0309_Feedback_Run_NN_08.h5,without_feedback,1,32.223331451416016,27264.0
2025-04-13_0309_Feedback_Run_NN_08_rep00001.h5,without_feedback,1,32.62666702270508,27264.0
2025-04-13_0309_Feedback_Run_NN_08_rep00002.h5,without_feedback,1,33.80666732788086,27264.0
2025-04-13_0309_Feedback_Run_NN_08_rep00003.h5,without_feedback,0,30.079999923706055,27264.0
2025-04-13_0309_Feedback_Run_NN_08_rep00004.h5,without_feedback,0,31.013334274291992,27264.0
2025-04-13_0309_Feedback_Run_NN_08_rep00005.h5,without_feedback,0,30.213333129882812,27264.0
2025-04-13_0309_Feedback_Run_NN_08_rep00006.h5,without_feedback,0,34.51333236694336,27264.0
2025-04-13_0309_Feedback_Run_NN_08_rep00007.h5,without_feedback,1,32.80666732788086,27264.0
2025-04-13_0309_Feedback_Run_NN_08_rep00008.h5,without_feedback,0,30.366666793823242,27264.0
2025-04-13_0309_Feedback_Run_NN_08_rep00009.h5,without_feedback,1,31.739999771118164,27264.0
2025-04-13_0309_Feedback_Run_NN_08_rep00010.h5,without_feedback,0,31.013334274291992,27264.0
2025-04-13_0309_Feedback_Run_NN_08_rep00011.h5,without_feedback,0,31.986665725708008,27264.0
2025-04-13_0309_Feedback_Run_NN_08_rep00012.h5,without_feedback,0,33.88999938964844,27264.0
2025-04-13_0309_Feedback_Run_NN_08_rep00013.h5,without_feedback,0,33.223331451416016,27264.0
2025-04-13_0309_Feedback_Run_NN_08_rep00014.h5,without_feedback,0,31.90333366394043,27244.0
2025-04-13_0309_Feedback_Run_NN_08_rep00015.h5,without_feedback,1,33.063331604003906,27264.0
2025-04-13_0309_Feedback_Run_NN_08_rep00016.h5,without_feedback,1,34.62666702270508,27264.0
2025-04-13_0309_Feedback_Run_NN_08_rep00017.h5,without_feedback,1,30.030000686645508,27264.0
2025-04-13_0309_Feedback_Run_NN_08_rep00018.h5,without_feedback,0,30.513334274291992,27264.0
2025-04-13_0309_Feedback_Run_NN_08_rep00019.h5,without_feedback,0,32.88666534423828,27264.0
2025-04-13_0309_Feedback_Run_NN_08_rep00020.h5,without_feedback,0,33.29999923706055,27264.0
2025-04-13_0309_Feedback_Run_NN_08_rep00021.h5,without_feedback,0,34.39666748046875,27264.0
2025-04-13_0309_Feedback_Run_NN_08_rep00022.h5,without_feedback,0,32.93000030517578,27264.0
2025-04-13_0309_Feedback_Run_NN_08_rep00023.h5,without_feedback,1,34.663333892822266,27264.0
2025-04-13_0309_Feedback_Run_NN_08_rep00024.h5,without_feedback,0,30.30666732788086,27244.0
2025-04-13_0309_Feedback_Run_NN_08_rep00025.h5,without_feedback,0,31.84666633605957,27264.0
2025-04-13_0309_Feedback_Run_NN_08_rep00026.h5,without_feedback,0,31.200000762939453,27264.0
2025-04-13_0309_Feedback_Run_NN_08_rep00027.h5,without_feedback,1,33.336666107177734,27264.0
2025-04-13_0309_Feedback_Run_NN_08_rep00028.h5,without_feedback,0,34.28333282470703,27264.0
2025-04-13_0309_Feedback_Run_NN_08_rep00029.h5,without_feedback,0,33.5099983215332,27264.0
2025-04-13_0309_Feedback_Run_NN_08_rep00030.h5,without_feedback,1,34.459999084472656,27264.0
2025-04-13_0309_Feedback_Run_NN_08_rep00031.h5,without_feedback,1,29.85333251953125,27264.0
2025-04-13_0309_Feedback_Run_NN_08_rep00032.h5,without_feedback,0,27.876667022705078,27264.0
2025-04-13_0309_Feedback_Run_NN_08_rep00033.h5,without_feedback,0,35.063331604003906,27264.0
2025-04-13_0309_Feedback_Run_NN_09.h5,without_feedback,1,33.47999954223633,27264.0
2025-04-13_0309_Feedback_Run_NN_09_rep00001.h5,without_feedback,1,33.64666748046875,27244.0
2025-04-13_0309_Feedback_Run_NN_09_rep00002.h5,without_feedback,0,33.849998474121094,27244.0
2025-04-13_0309_Feedback_Run_NN_09_rep00003.h5,without_feedback,0,31.043333053588867,27264.0
2025-04-13_0309_Feedback_Run_NN_09_rep00004.h5,without_feedback,1,31.15999984741211,27264.0
2025-04-13_0309_Feedback_Run_NN_09_rep00005.h5,without_feedback,1,30.946666717529297,27264.0
2025-04-13_0309_Feedback_Run_NN_09_rep00006.h5,without_feedback,0,33.54666519165039,27244.0
2025-04-13_0309_Feedback_Run_NN_09_rep00007.h5,without_feedback,0,32.313331604003906,27264.0
2025-04-13_0309_Feedback_Run_NN_09_rep00008.h5,without_feedback,1,33.02000045776367,27264.0
2025-04-13_0309_Feedback_Run_NN_09_rep00009.h5,without_feedback,1,31.753334045410156,27264.0
2025-04-13_0309_Feedback_Run_NN_09_rep00010.h5,without_feedback,0,31.373332977294922,27264.0
2025-04-13_0309_Feedback_Run_NN_09_rep00011.h5,without_feedback,0,31.546667098999023,27264.0
2025-04-13_0309_Feedback_Run_NN_09_rep00012.h5,without_feedback,0,34.063331604003906,27264.0
2025-04-13_0309_Feedback_Run_NN_09_rep00013.h5,without_feedback,0,33.276668548583984,27264.0
2025-04-13_0309_Feedback_Run_NN_09_rep00014.h5,without_feedback,0,34.0099983215332,27264.0
2025-04-13_0309_Feedback_Run_NN_09_rep00015.h5,without_feedback,1,32.34333419799805,27264.0
2025-04-13_0309_Feedback_Run_NN_09_rep00016.h5,without_feedback,0,34.586666107177734,27264.0
2025-04-13_0309_Feedback_Run_NN_09_rep00017.h5,without_feedback,0,30.040000915527344,27264.0
2025-04-13_0309_Feedback_Run_NN_09_rep00018.h5,without_feedback,0,29.950000762939453,27264.0
2025-04-13_0309_Feedback_Run_NN_09_rep00019.h5,without_feedback,1,34.00666809082031,27264.0
2025-04-13_0309_Feedback_Run_NN_09_rep00020.h5,without_feedback,1,32.96666717529297,27264.0
2025-04-13_0309_Feedback_Run_NN_09_rep00021.h5,without_feedback,0,34.7599983215332,27264.0
2025-04-13_0309_Feedback_Run_NN_09_rep00022.h5,without_feedback,1,32.52333450317383,27264.0
2025-04-13_0309_Feedback_Run_NN_09_rep00023.h5,without_feedback,0,33.24333190917969,27264.0
2025-04-13_0309_Feedback_Run_NN_09_rep00024.h5,without_feedback,1,30.489999771118164,27264.0
2025-04-13_0309_Feedback_Run_NN_09_rep00025.h5,without_feedback,1,31.770000457763672,27264.0
2025-04-13_0309_Feedback_Run_NN_09_rep00026.h5,without_feedback,0,31.44333267211914,27264.0
2025-04-13_0309_Feedback_Run_NN_09_rep00027.h5,without_feedback,0,33.369998931884766,27244.0
2025-04-13_0309_Feedback_Run_NN_09_rep00028.h5,without_feedback,0,34.18000030517578,27264.0
2025-04-13_0309_Feedback_Run_NN_09_rep00029.h5,without_feedback,0,32.89666748046875,27264.0
2025-04-13_0309_Feedback_Run_NN_09_rep00030.h5,without_feedback,1,34.08000183105469,27264.0
2025-04-13_0309_Feedback_Run_NN_09_rep00031.h5,without_feedback,0,28.953332901000977,27264.0
2025-04-13_0309_Feedback_Run_NN_09_rep00032.h5,without_feedback,1,29.133333206176758,27264.0
2025-04-13_0309_Feedback_Run_NN_09_rep00033.h5,without_feedback,1,34.1966667175293,27264.0
2025-04-13_0309_Feedback_Run_NN_10.h5,without_feedback,1,32.48666763305664,27264.0
2025-04-13_0309_Feedback_Run_NN_10_rep00001.h5,without_feedback,0,34.026668548583984,27264.0
2025-04-13_0309_Feedback_Run_NN_10_rep00002.h5,without_feedback,0,33.75,27264.0
2025-04-13_0309_Feedback_Run_NN_10_rep00003.h5,without_feedback,0,31.676666259765625,27264.0
2025-04-13_0309_Feedback_Run_NN_10_rep00004.h5,without_feedback,1,30.40333366394043,27264.0
2025-04-13_0309_Feedback_Run_NN_10_rep00005.h5,without_feedback,1,30.58333396911621,27264.0
2025-04-13_0309_Feedback_Run_NN_10_rep00006.h5,without_feedback,1,33.78666687011719,27264.0
2025-04-13_0309_Feedback_Run_NN_10_rep00007.h5,without_feedback,1,32.18000030517578,27264.0
2025-04-13_0309_Feedback_Run_NN_10_rep00008.h5,without_feedback,0,34.22666549682617,27264.0
2025-04-13_0309_Feedback_Run_NN_10_rep00009.h5,without_feedback,0,31.816667556762695,27264.0
2025-04-13_0309_Feedback_Run_NN_10_rep00010.h5,without_feedback,1,30.373332977294922,27264.0
2025-04-13_0309_Feedback_Run_NN_10_rep00011.h5,without_feedback,0,32.1966667175293,27264.0
2025-04-13_0309_Feedback_Run_NN_10_rep00012.h5,without_feedback,0,33.563331604003906,27264.0
2025-04-13_0309_Feedback_Run_NN_10_rep00013.h5,without_feedback,0,32.63999938964844,27264.0
2025-04-13_0309_Feedback_Run_NN_10_rep00014.h5,without_feedback,0,33.45000076293945,27264.0
2025-04-13_0309_Feedback_Run_NN_10_rep00015.h5,without_feedback,1,32.81666564941406,27264.0
2025-04-13_0309_Feedback_Run_NN_10_rep00016.h5,without_feedback,1,34.836666107177734,27264.0
2025-04-13_0309_Feedback_Run_NN_10_rep00017.h5,without_feedback,1,30.236665725708008,27264.0
2025-04-13_0309_Feedback_Run_NN_10_rep00018.h5,without_feedback,1,29.793333053588867,27264.0
2025-04-13_0309_Feedback_Run_NN_10_rep00019.h5,without_feedback,1,34.74333190917969,27264.0
2025-04-13_0309_Feedback_Run_NN_10_rep00020.h5,without_feedback,0,32.80666732788086,27264.0
2025-04-13_0309_Feedback_Run_NN_10_rep00021.h5,without_feedback,0,33.970001220703125,27264.0
2025-04-13_0309_Feedback_Run_NN_10_rep00022.h5,without_feedback,1,32.50666809082031,27264.0
2025-04-13_0309_Feedback_Run_NN_10_rep00023.h5,without_feedback,0,33.50666809082031,27264.0
2025-04-13_0309_Feedback_Run_NN_10_rep00024.h5,without_feedback,0,30.55666732788086,27264.0
2025-04-13_0309_Feedback_Run_NN_10_rep00025.h5,without_feedback,1,31.573333740234375,27264.0
2025-04-13_0309_Feedback_Run_NN_10_rep00026.h5,without_feedback,1,31.940000534057617,27264.0
2025-04-13_0309_Feedback_Run_NN_10_rep00027.h5,without_feedback,1,33.223331451416016,27264.0
2025-04-13_0309_Feedback_Run_NN_10_rep00028.h5,without_feedback,1,32.93000030517578,27264.0
2025-04-13_0309_Feedback_Run_NN_10_rep00029.h5,without_feedback,1,32.37333297729492,27264.0
2025-04-13_0309_Feedback_Run_NN_10_rep00030.h5,without_feedback,1,33.939998626708984,27264.0
2025-04-13_0309_Feedback_Run_NN_10_rep00031.h5,without_feedback,0,29.763334274291992,27264.0
2025-04-13_0309_Feedback_Run_NN_10_rep00032.h5,without_feedback,1,29.09000015258789,27264.0
2025-04-13_0309_Feedback_Run_NN_10_rep00033.h5,without_feedback,0,33.939998626708984,27264.0
2025-04-13_0309_Feedback_Run_NN_11.h5,without_feedback,0,32.516666412353516,27244.0
2025-04-13_0309_Feedback_Run_NN_11_rep00001.h5,without_feedback,1,32.96666717529297,27264.0
2025-04-13_0309_Feedback_Run_NN_11_rep00002.h5,without_feedback,1,34.18000030517578,27264.0
2025-04-13_0309_Feedback_Run_NN_11_rep00003.h5,without_feedback,1,31.373332977294922,27264.0
2025-04-13_0309_Feedback_Run_NN_11_rep00004.h5,without_feedback,1,31.736665725708008,27264.0
2025-04-13_0309_Feedback_Run_NN_11_rep00005.h5,without_feedback,0,31.22333335876465,27264.0
2025-04-13_0309_Feedback_Run_NN_11_rep00006.h5,without_feedback,0,33.66666793823242,27264.0
2025-04-13_0309_Feedback_Run_NN_11_rep00007.h5,without_feedback,1,32.52000045776367,27264.0
2025-04-13_0309_Feedback_Run_NN_11_rep00008.h5,without_feedback,1,34.5099983215332,27264.0
2025-04-13_0309_Feedback_Run_NN_11_rep00009.h5,without_feedback,0,31.386667251586914,27264.0
2025-04-13_0309_Feedback_Run_NN_11_rep00010.h5,without_feedback,1,31.14666748046875,27264.0
2025-04-13_0309_Feedback_Run_NN_11_rep00011.h5,without_feedback,0,31.816667556762695,27264.0
2025-04-13_0309_Feedback_Run_NN_11_rep00012.h5,without_feedback,0,34.060001373291016,27244.0
2025-04-13_0309_Feedback_Run_NN_11_rep00013.h5,without_feedback,1,32.76333236694336,27264.0
2025-04-13_0309_Feedback_Run_NN_11_rep00014.h5,without_feedback,0,33.16999816894531,27264.0
2025-04-13_0309_Feedback_Run_NN_11_rep00015.h5,without_feedback,0,32.586666107177734,27264.0
2025-04-13_0309_Feedback_Run_NN_11_rep00016.h5,without_feedback,1,34.3466682434082,27264.0
2025-04-13_0309_Feedback_Run_NN_11_rep00017.h5,without_feedback,1,30.873332977294922,27264.0
2025-04-13_0309_Feedback_Run_NN_11_rep00018.h5,without_feedback,0,30.356666564941406,27264.0
2025-04-13_0309_Feedback_Run_NN_11_rep00019.h5,without_feedback,1,34.82666778564453,27264.0
2025-04-13_0309_Feedback_Run_NN_11_rep00020.h5,without_feedback,0,32.57666778564453,27244.0
2025-04-13_0309_Feedback_Run_NN_11_rep00021.h5,without_feedback,1,34.52000045776367,27264.0
2025-04-13_0309_Feedback_Run_NN_11_rep00022.h5,without_feedback,0,31.77666664123535,27264.0
2025-04-13_0309_Feedback_Run_NN_11_rep00023.h5,without_feedback,1,35.2066650390625,27264.0
2025-04-13_0309_Feedback_Run_NN_11_rep00024.h5,without_feedback,1,30.616666793823242,27264.0
2025-04-13_0309_Feedback_Run_NN_11_rep00025.h5,without_feedback,1,31.856666564941406,27264.0
2025-04-13_0309_Feedback_Run_NN_11_rep00026.h5,without_feedback,1,32.17333221435547,27264.0
2025-04-13_0309_Feedback_Run_NN_11_rep00027.h5,without_feedback,0,33.09000015258789,27244.0
2025-04-13_0309_Feedback_Run_NN_11_rep00028.h5,without_feedback,1,34.78333282470703,27264.0
2025-04-13_0309_Feedback_Run_NN_11_rep00029.h5,without_feedback,1,32.8466682434082,27264.0
2025-04-13_0309_Feedback_Run_NN_11_rep00030.h5,without_feedback,1,33.996665954589844,27264.0
2025-04-13_0309_Feedback_Run_NN_11_rep00031.h5,without_feedback,0,30.14666748046875,27264.0
2025-04-13_0309_Feedback_Run_NN_11_rep00032.h5,without_feedback,1,29.40333366394043,27264.0
2025-04-13_0309_Feedback_Run_NN_11_rep00033.h5,without_feedback,1,34.61000061035156,27264.0
2025-04-13_0309_Feedback_Run_NN_12.h5,without_feedback,0,33.356666564941406,27264.0
2025-04-13_0309_Feedback_Run_NN_12_rep00001.h5,without_feedback,0,32.89666748046875,27264.0
2025-04-13_0309_Feedback_Run_NN_12_rep00002.h5,without_feedback,0,34.13333511352539,27264.0
2025-04-13_0309_Feedback_Run_NN_12_rep00003.h5,without_feedback,1,30.72333335876465,27264.0
2025-04-13_0309_Feedback_Run_NN_12_rep00004.h5,without_feedback,1,31.496665954589844,27264.0
2025-04-13_0309_Feedback_Run_NN_12_rep00005.h5,without_feedback,1,31.53333282470703,27264.0
2025-04-13_0309_Feedback_Run_NN_12_rep00006.h5,without_feedback,1,33.92333221435547,27264.0
2025-04-13_0309_Feedback_Run_NN_12_rep00007.h5,without_feedback,0,32.59333419799805,27264.0
2025-04-13_0309_Feedback_Run_NN_12_rep00008.h5,without_feedback,0,34.41666793823242,27264.0
2025-04-13_0309_Feedback_Run_NN_12_rep00009.h5,without_feedback,1,30.946666717529297,27264.0
2025-04-13_0309_Feedback_Run_NN_12_rep00010.h5,without_feedback,0,30.670000076293945,27264.0
2025-04-13_0309_Feedback_Run_NN_12_rep00011.h5,without_feedback,0,31.376667022705078,27264.0
2025-04-13_0309_Feedback_Run_NN_12_rep00012.h5,without_feedback,1,34.49333190917969,27264.0
2025-04-13_0309_Feedback_Run_NN_12_rep00013.h5,without_feedback,1,32.106666564941406,27264.0
2025-04-13_0309_Feedback_Run_NN_12_rep00014.h5,without_feedback,0,33.6966667175293,27264.0
2025-04-13_0309_Feedback_Run_NN_12_rep00015.h5,without_feedback,1,33.606666564941406,27264.0
2025-04-13_0309_Feedback_Run_NN_12_rep00016.h5,without_feedback,1,33.95000076293945,27264.0
2025-04-13_0309_Feedback_Run_NN_12_rep00017.h5,without_feedback,0,30.09666633605957,27264.0
2025-04-13_0309_Feedback_Run_NN_12_rep00018.h5,without_feedback,0,30.950000762939453,27264.0
2025-04-13_0309_Feedback_Run_NN_12_rep00019.h5,without_feedback,1,34.650001525878906,27264.0
2025-04-13_0309_Feedback_Run_NN_12_rep00020.h5,without_feedback,0,32.75,27264.0
2025-04-13_0309_Feedback_Run_NN_12_rep00021.h5,without_feedback,1,30.06999969482422,27264.0
2025-04-13_0309_Feedback_Run_NN_12_rep00022.h5,without_feedback,1,33.1533317565918,27264.0
2025-04-13_0309_Feedback_Run_NN_12_rep00023.h5,without_feedback,0,34.663333892822266,27264.0
2025-04-13_0309_Feedback_Run_NN_12_rep00024.h5,without_feedback,1,30.170000076293945,27264.0
2025-04-13_0309_Feedback_Run_NN_12_rep00025.h5,without_feedback,0,30.72333335876465,27264.0
2025-04-13_0309_Feedback_Run_NN_12_rep00026.h5,without_feedback,1,32.869998931884766,27264.0
2025-04-13_0309_Feedback_Run_NN_12_rep00027.h5,without_feedback,1,33.8466682434082,27264.0
2025-04-13_0309_Feedback_Run_NN_12_rep00028.h5,without_feedback,1,33.83000183105469,27244.0
2025-04-13_0309_Feedback_Run_NN_12_rep00029.h5,without_feedback,0,33.35333251953125,27264.0
2025-04-13_0309_Feedback_Run_NN_12_rep00030.h5,without_feedback,0,34.606666564941406,27264.0
2025-04-13_0309_Feedback_Run_NN_12_rep00031.h5,without_feedback,1,29.1200008392334,27264.0
2025-04-13_0309_Feedback_Run_NN_12_rep00032.h5,without_feedback,1,29.31999969482422,27264.0
2025-04-13_0309_Feedback_Run_NN_12_rep00033.h5,without_feedback,0,33.03333282470703,27264.0
2025-04-13_0309_Feedback_Run_NN_13.h5,without_feedback,1,33.74333190917969,27264.0
2025-04-13_0309_Feedback_Run_NN_13_rep00001.h5,without_feedback,1,32.75,27264.0
2025-04-13_0309_Feedback_Run_NN_13_rep00002.h5,without_feedback,0,33.95000076293945,27264.0
2025-04-13_0309_Feedback_Run_NN_13_rep00003.h5,without_feedback,1,30.84666633605957,27264.0
2025-04-13_0309_Feedback_Run_NN_13_rep00004.h5,without_feedback,0,30.8700008392334,27264.0
2025-04-13_0309_Feedback_Run_NN_13_rep00005.h5,without_feedback,1,31.889999389648438,27264.0
2025-04-13_0309_Feedback_Run_NN_13_rep00006.h5,without_feedback,0,33.2599983215332,27264.0
2025-04-13_0309_Feedback_Run_NN_13_rep00007.h5,without_feedback,1,32.676666259765625,27264.0
2025-04-13_0309_Feedback_Run_NN_13_rep00008.h5,without_feedback,0,33.959999084472656,27264.0
2025-04-13_0309_Feedback_Run_NN_13_rep00009.h5,without_feedback,1,31.426666259765625,27264.0
2025-04-13_0309_Feedback_Run_NN_13_rep00010.h5,without_feedback,1,31.886667251586914,27264.0
2025-04-13_0309_Feedback_Run_NN_13_rep00011.h5,without_feedback,1,31.479999542236328,27264.0
2025-04-13_0309_Feedback_Run_NN_13_rep00012.h5,without_feedback,1,34.0099983215332,27264.0
2025-04-13_0309_Feedback_Run_NN_13_rep00013.h5,without_feedback,1,32.926666259765625,27264.0
2025-04-13_0309_Feedback_Run_NN_13_rep00014.h5,without_feedback,1,34.0433349609375,27264.0
2025-04-13_0309_Feedback_Run_NN_13_rep00015.h5,without_feedback,0,32.36666488647461,27264.0
2025-04-13_0309_Feedback_Run_NN_13_rep00016.h5,without_feedback,0,34.71333312988281,27264.0
2025-04-13_0309_Feedback_Run_NN_13_rep00017.h5,without_feedback,1,30.183332443237305,27264.0
2025-04-13_0309_Feedback_Run_NN_13_rep00018.h5,without_feedback,0,30.336666107177734,27264.0
2025-04-13_0309_Feedback_Run_NN_13_rep00019.h5,without_feedback,1,34.473331451416016,27264.0
2025-04-13_0309_Feedback_Run_NN_13_rep00020.h5,without_feedback,0,33.29999923706055,27264.0
2025-04-13_0309_Feedback_Run_NN_13_rep00021.h5,without_feedback,1,29.226667404174805,27264.0
2025-04-13_0309_Feedback_Run_NN_13_rep00022.h5,without_feedback,1,32.46333312988281,27264.0
2025-04-13_0309_Feedback_Run_NN_13_rep00023.h5,without_feedback,1,34.53333282470703,27264.0
2025-04-13_0309_Feedback_Run_NN_13_rep00024.h5,without_feedback,1,30.71666717529297,27264.0
2025-04-13_0309_Feedback_Run_NN_13_rep00025.h5,without_feedback,1,31.736665725708008,27264.0
2025-04-13_0309_Feedback_Run_NN_13_rep00026.h5,without_feedback,0,32.72999954223633,27264.0
2025-04-13_0309_Feedback_Run_NN_13_rep00027.h5,without_feedback,0,33.53333282470703,27264.0
2025-04-13_0309_Feedback_Run_NN_13_rep00028.h5,without_feedback,1,33.720001220703125,27264.0
2025-04-13_0309_Feedback_Run_NN_13_rep00029.h5,without_feedback,0,33.4566650390625,27264.0
2025-04-13_0309_Feedback_Run_NN_13_rep00030.h5,without_feedback,0,33.11000061035156,27264.0
2025-04-13_0309_Feedback_Run_NN_13_rep00031.h5,without_feedback,1,29.1733341217041,27264.0
2025-04-13_0309_Feedback_Run_NN_13_rep00032.h5,without_feedback,0,29.913333892822266,27264.0
2025-04-13_0309_Feedback_Run_NN_13_rep00033.h5,without_feedback,0,33.83000183105469,27264.0
2025-04-13_0309_Feedback_Run_NN_14.h5,without_feedback,0,33.89666748046875,27264.0
2025-04-13_0309_Feedback_Run_NN_14_rep00001.h5,without_feedback,1,32.09000015258789,27264.0
2025-04-13_0309_Feedback_Run_NN_14_rep00002.h5,without_feedback,0,34.516666412353516,27264.0
2025-04-13_0309_Feedback_Run_NN_14_rep00003.h5,without_feedback,0,30.459999084472656,27264.0
2025-04-13_0309_Feedback_Run_NN_14_rep00004.h5,without_feedback,1,29.463333129882812,27264.0
2025-04-13_0309_Feedback_Run_NN_14_rep00005.h5,without_feedback,0,32.41999816894531,27264.0
2025-04-13_0309_Feedback_Run_NN_14_rep00006.h5,without_feedback,1,32.893333435058594,27264.0
2025-04-13_0309_Feedback_Run_NN_14_rep00007.h5,without_feedback,1,33.13333511352539,27264.0
2025-04-13_0309_Feedback_Run_NN_14_rep00008.h5,without_feedback,0,32.33333206176758,27244.0
2025-04-13_0309_Feedback_Run_NN_14_rep00009.h5,without_feedback,1,30.700000762939453,27264.0
2025-04-13_0309_Feedback_Run_NN_14_rep00010.h5,without_feedback,1,31.780000686645508,27264.0
2025-04-13_0309_Feedback_Run_NN_14_rep00011.h5,without_feedback,1,31.213333129882812,27264.0
2025-04-13_0309_Feedback_Run_NN_14_rep00012.h5,without_feedback,0,34.02000045776367,27244.0
2025-04-13_0309_Feedback_Run_NN_14_rep00013.h5,without_feedback,1,31.6733341217041,27264.0
2025-04-13_0309_Feedback_Run_NN_14_rep00014.h5,without_feedback,0,34.46666717529297,27264.0
2025-04-13_0309_Feedback_Run_NN_14_rep00015.h5,without_feedback,0,31.963333129882812,27264.0
2025-04-13_0309_Feedback_Run_NN_14_rep00016.h5,without_feedback,1,34.060001373291016,27264.0
2025-04-13_0309_Feedback_Run_NN_14_rep00017.h5,without_feedback,1,30.559999465942383,27264.0
2025-04-13_0309_Feedback_Run_NN_14_rep00018.h5,without_feedback,1,30.239999771118164,27244.0
2025-04-13_0309_Feedback_Run_NN_14_rep00019.h5,without_feedback,0,34.09000015258789,27264.0
2025-04-13_0309_Feedback_Run_NN_14_rep00020.h5,without_feedback,1,33.33333206176758,27264.0
2025-04-13_0309_Feedback_Run_NN_14_rep00021.h5,without_feedback,0,33.606666564941406,27264.0
2025-04-13_0309_Feedback_Run_NN_14_rep00022.h5,without_feedback,1,32.84000015258789,27264.0
2025-04-13_0309_Feedback_Run_NN_14_rep00023.h5,without_feedback,1,35.016666412353516,27264.0
2025-04-13_0309_Feedback_Run_NN_14_rep00024.h5,without_feedback,0,30.510000228881836,27264.0
2025-04-13_0309_Feedback_Run_NN_14_rep00025.h5,without_feedback,0,31.273332595825195,27264.0
2025-04-13_0309_Feedback_Run_NN_14_rep00026.h5,without_feedback,0,32.3033332824707,27264.0
2025-04-13_0309_Feedback_Run_NN_14_rep00027.h5,without_feedback,0,33.61000061035156,27264.0
2025-04-13_0309_Feedback_Run_NN_14_rep00028.h5,without_feedback,1,34.723331451416016,27264.0
2025-04-13_0309_Feedback_Run_NN_14_rep00029.h5,without_feedback,0,33.220001220703125,27264.0
2025-04-13_0309_Feedback_Run_NN_14_rep00030.h5,without_feedback,1,33.380001068115234,27264.0
2025-04-13_0309_Feedback_Run_NN_14_rep00031.h5,without_feedback,1,29.41666603088379,27264.0
2025-04-13_0309_Feedback_Run_NN_14_rep00032.h5,without_feedback,0,29.31333351135254,27244.0
2025-04-13_0309_Feedback_Run_NN_14_rep00033.h5,without_feedback,0,33.75,27264.0
